"Nombre","Pistas","Dirección","Teléfono","Correo","Página Web","Plataforma de Reserva"
"A1 Pádel","","Rúa Galileo Galilei, 36, 15008, A Coruña","+34658923423","recepcion@a1-padel.com","https://padelizados.es/es-es/i/489-a1-padel/","N/A"
"0,0 Pádel","","Rúa Gutemberg, 30, 15008, A Coruña","+34981906000","ceroceropadel@gmail.com","https://padelizados.es/es-es/i/193-00-padel/","N/A"
"Apartamentos Canabal","","MERA OLEIROS, Rua Canabal, 1, 15177, A Coruña","+34667282812","ronaldcanabal@gmail.com","https://padelizados.es/es-es/i/1212-apartamentos-canabal/","N/A"
"Padel Feáns Gorrión","","Carr. de Feáns, 170, 15190, A Coruña","+34981101010","padelfeans@hotmail.com","https://padelizados.es/es-es/i/303-padel-feans-gorrion/","N/A"
"Pádel & Beer","","Avenida Finisterre, 269, 15008, A Coruña","+34698111282","padelandbeer@gmail.com","https://padelizados.es/es-es/i/253-padel-beer/","N/A"
"Arena Padel","","Rúa Alcalde Jaime Hervada, 27, 15010, A Coruña","+34681391352","arenapadel2.0@gmail.com","https://padelizados.es/es-es/i/285-arena-padel/","N/A"
"Coruña Sport Centre","","R. Enrique Mariñas Romero, 32, F, 15009, A Coruña","+34981100213","patri@tex45.es","https://padelizados.es/es-es/i/558-coruna-sport-centre/","N/A"
"miclub pádel","","Rúa do Cobre, parcela B2. Polígono industrial de, 15100, A Coruña","+34619688822","","https://padelizados.es/es-es/i/521-miclub-padel/","N/A"
"I&CO Padel Center","","Polígono de la Madanela, pabellones 6,7,8, 15800, A Coruña","+34682711966","","https://padelizados.es/es-es/i/1459-ico-padel-center/","N/A"
"Padel Court - UDC","","15008, A Coruña","","","https://padelizados.es/es-es/i/1433-padel-court-udc/","N/A"
"Padelprix Coruña","","Rúa Brasil, 6, 15140, Arteixo","+34678660009","info@padelprix.com","https://padelizados.es/es-es/i/434-padelprix-coruna/","N/A"
"AC PÁDEL CORUÑA","","Rúa Polígono, 21, 15679, Cambre","+34604057932","","https://padelizados.es/es-es/i/355-ac-padel-coruna/","N/A"
"Padel Plus","","Rúa José Espronceda, s/n, 15180, Culleredo","+34981651235","contacto@ejemplo.com","https://padelizados.es/es-es/i/246-padel-plus/","N/A"
"Padel Marineda","","Rúa Lendoiro, 15660, Cambre","+34981653704","","https://padelizados.es/es-es/i/1099-padel-marineda/","N/A"
"BeOne Arteixo","","Av. Arsenio Iglesias, s/n, 15142, Arteixo","+34981633444","","https://padelizados.es/es-es/i/883-beone-arteixo/","N/A"
"Complexo Deportivo Carral","","Rúa Belvís de Paleo, 17, 15175, Carral","+34678338847","","https://padelizados.es/es-es/i/1446-complexo-deportivo-carral/","N/A"
"Padelprix Cerceda","","Campo de Fútbol O Roxo, Lugar Piñeiro, 58, 15185, Cerceda","+34677428652","cerceda@padelprix.com","https://padelizados.es/es-es/i/1063-padelprix-cerceda/","N/A"
"CENTRO DE PADEL SAN MATEO","","Lugar De la Iglesia s/n parroquia de San Mateo, 15570, Narón","+34981102103","","https://padelizados.es/es-es/i/1118-centro-de-padel-san-mateo/","N/A"
"3D3 Padel","","Rúa Cobre, parcela H-19, 15107, Carballo","+34680438692","info@3d3padel.com","https://padelizados.es/es-es/i/382-3d3-padel/","N/A"
"Indoorland","","Campollano, C. D, 3, 02007, Albacete","+34967770017","info@indoorland.es","https://padelizados.es/es-es/i/878-indoorland/","N/A"
"+Que Padel","","Pol. Ind. Campollano, C. D, 26, 02007, Albacete","+34967049236","info@masquepadelab.com","https://padelizados.es/es-es/i/357-que-padel/","N/A"
"Padel 6","","C. A, 49, 02007, Albacete","+34617085569","","https://padelizados.es/es-es/i/496-padel-6/","N/A"
"Escuela de Pádel Albacete S.L.","","Pol. Ind. Campollano, C. Autovia, 27, 02007, Albacete","+34967113133","","https://padelizados.es/es-es/i/400-escuela-de-padel-albacete-s-l/","N/A"
"Match Ball Center (Club de Padel, Racket y Squash)","","C. A, Nº 21, 02007, Albacete","+34656574929","","https://padelizados.es/es-es/i/719-match-ball-center-club-de-padel-racket-y-squash/","N/A"
"Propadel360","","C. B, 22, 02007, Albacete","+34649280734","","https://padelizados.es/es-es/i/1076-propadel360/","N/A"
"PÁDEL INDOOR CASAS-IBÁÑEZ.","","Polígono Industrial, C. B, 7, 02200, Casas-Ibáñez","+34609748697","","https://padelizados.es/es-es/i/1468-padel-indoor-casas-ibanez/","N/A"
"AN Padel Indoor","","C. Pintor Rosales, 12, 03009, Alicante","+34640866265","anpadelindoor@hotmail.com","https://padelizados.es/es-es/i/155-an-padel-indoor/","N/A"
"Padel Club Alacant","","Av. de Neptuno, 16, 03007, Alicante","+34965287715","admin@wetelecom.es","https://padelizados.es/es-es/i/130-padel-club-alacant/","N/A"
"Deportes Match","","Calle Dr. Isidoro de Sevilla, 86, 03009, Alicante","+34965420082","info@deportesmatch.com","https://padelizados.es/es-es/i/748-deportes-match/","N/A"
"Sportclub Alicante - Gimnasio y club deportivo familiar al aire libre","","Partida de Orgegia, s/n, 03015, Alicante","+34966613906","info@sportclubalicante.com","https://padelizados.es/es-es/i/733-sportclub-alicante-gimnasio-y-club-deportivo-familiar-al-aire-libre/","N/A"
"Club Atlético Montemar","","Carrer Virgili, 25, 03016, Alicante","+34965159426","info@camontemar.com","https://padelizados.es/es-es/i/55-club-atletico-montemar/","N/A"
"Club Deportivo Arena Alicante","","Av. del Locutor Vicente Hipólito, s/n, 03540, Alicante","+34965943406","info@arenaalicante.com","https://padelizados.es/es-es/i/92-club-deportivo-arena-alicante/","N/A"
"Pàdel Prèmium Alacant","","C. Sagitario, 3, 03006, Alicante","+34654558539","","https://padelizados.es/es-es/i/250-padel-premium-alacant/","N/A"
"Bela Padel Center Alicante","","Av. del Locutor Vicente Hipólito, S/N, 03540, Alicante","+34638928847","info.alicante@belapadelcenter.com","https://padelizados.es/es-es/i/1135-bela-padel-center-alicante/","N/A"
"PADELUXE EXPERIENCE","","Carrera l'del Asteroide, 32, 03007, Alicante","+34699915601","","https://padelizados.es/es-es/i/519-padeluxe-experience/","N/A"
"Padel Nostrum Alicante","","Av. Mare Nostrum, 6, 03007, Alicante","+34633882525","cpnostrum@gmail.com","https://padelizados.es/es-es/i/1131-padel-nostrum-alicante/","N/A"
"Club Deportivo Stadio Alicante","","Calle Arpón, C. Trident, s/n, 03540, Alicante","+34965150969","","https://padelizados.es/es-es/i/314-club-deportivo-stadio-alicante/","N/A"
"Pedreguer Pàdel Cobert","","Av. les Indústries, 28, 03750, Alicante","+34615377568","pedreguerpadelcobert@gmail.com","https://padelizados.es/es-es/i/1217-pedreguer-padel-cobert/","N/A"
"Club de Tenis Alacant","","C. Med Jorge Serrano Mate, 21, 03112, Alicante","+34679014766","iner@inerenergia.es","https://padelizados.es/es-es/i/462-club-de-tenis-alacant/","N/A"
"Club De Tenis Ch2 La Marina | Tennis & Padel","","Sendero de la Barrina, s/n, 03580, Alicante","+34622674996","chcontreras@ch2racket.com","https://padelizados.es/es-es/i/1294-club-de-tenis-ch2-la-marina-tennis-padel/","N/A"
"Club social Padel Pau 5","","Av. Conrado Albaladejo, 46, 03540, Alicante","+34626029602","","https://padelizados.es/es-es/i/943-club-social-padel-pau-5/","N/A"
"Piscina Cubierta Municipal Villajoyosa &quot;El pantà&quot;","","Partida Alcocons, s/n, 03570, Alicante","+34655140799","","https://padelizados.es/es-es/i/1405-piscina-cubierta-municipal-villajoyosa-el-panta/","N/A"
"Spain Padel Experiences","","C. Arpón, 13, 03540, Alicante","+34641374661","contact@spainpadelexperiences.com","https://padelizados.es/es-es/i/1081-spain-padel-experiences/","N/A"
"Section Tennis Club Swimming Almería","","Cam. Jaúl Bajo, 3, 04007, Almería","+34950222579","info@cnalmeria.com","https://padelizados.es/es-es/i/178-section-tennis-club-swimming-almeria/","N/A"
"ProPadel Indoor Club","","C. Benitagla, 42, 04007, Almería","+34613954095","propadelindoorclub@gmail.com","https://padelizados.es/es-es/i/1119-propadel-indoor-club/","N/A"
"Padel Club Indoor El Ejido","","Pol. Ind. la Redonda, Dentro de Club de Padel Indoor, C. III, 45, 04710, Almería","+34672835898","","https://padelizados.es/es-es/i/436-padel-club-indoor-el-ejido/","N/A"
"Club de Mar Almería","","C. Ángel Jover, 1, 04007, Almería","+34950230780","cmaac@clubdemaralmeria.es","https://padelizados.es/es-es/i/534-club-de-mar-almeria/","N/A"
"Padel Aguadulce","","Pl. Caribe, 2, 04720, Almería","+34608819955","clubdepadelaguadulce48@gmail.com","https://padelizados.es/es-es/i/425-padel-aguadulce/","N/A"
"Colors Padel","","Av. de la Cruz, 11, 04008, Almería","+34653482895","","https://padelizados.es/es-es/i/444-colors-padel/","N/A"
"Liceo Sport Club","","12 bis, C. Adolfo Marsillach, 12, 04007, Almería","+34673575080","","https://padelizados.es/es-es/i/1372-liceo-sport-club/","N/A"
"Escuela Pádel Almería","","C. Benitagla, 42, 04007, Almería","+34639452925","escuelapadelalmeria@gmail.com","https://padelizados.es/es-es/i/1112-escuela-padel-almeria/","N/A"
"Padel Juan","","04140,, Almería","","","https://padelizados.es/es-es/i/1604-padel-juan/","N/A"
"ALMERIA TENNIS CLUB","","Av. de la Alpujarra, 5, 04230, Huércal de Almería","+34950300104","deportes@clubdetenisalmeria.com","https://padelizados.es/es-es/i/275-almeria-tennis-club/","N/A"
"Plaza Caribe","","C. Cerezo, 0, 04720, Aguadulce","+34950550210","","https://padelizados.es/es-es/i/1010-plaza-caribe/","N/A"
"Municipal Pool El Parador - CDU Juan González Fernández","","Camino de la piscina, s/n, 04740, Roquetas de Mar","+34950343828","","https://padelizados.es/es-es/i/1133-municipal-pool-el-parador-cdu-juan-gonzalez-fernandez/","N/A"
"La Cubierta Padel","","C. Plateros, 4, 04738, Vícar","+34950100323","lacubiertapadel@gmail.com","https://padelizados.es/es-es/i/330-la-cubierta-padel/","N/A"
"Tres60 Ocio y Deporte","","C. Pintor Caprotti, 24, 05004, Ávila","+34920242957","","https://padelizados.es/es-es/i/1087-tres60-ocio-y-deporte/","N/A"
"Camping Prados Abiertos in Gredos","","Camping Prados Abiertos, N-502, km 72, 05410, Ávila","+34608800207","info@pradosabiertos.com","https://padelizados.es/es-es/i/871-camping-prados-abiertos-in-gredos/","N/A"
"Home Pádel Ávila","","PADEL HOME, C. Río Esla, 48, 05004, Ávila","+34920256342","","https://padelizados.es/es-es/i/404-home-padel-avila/","N/A"
"ZACAPADEL","","C. Cesteros, 6A, 28680, San Martín de Valdeiglesias","+34692189245","zacapadel@gmail.com","https://padelizados.es/es-es/i/1313-zacapadel/","N/A"
"Padel Indoor Puente Real","","Av. de Elvas, 57, 06006, Badajoz","+34924434779","info@padelindoorpuentereal.es","https://padelizados.es/es-es/i/332-padel-indoor-puente-real/","N/A"
"Padel Indoor La Cañada","","km 300, Ctra. Valverde, 5, 06010, Badajoz","+34666720723","geslacanada@gmail.com","https://padelizados.es/es-es/i/520-padel-indoor-la-canada/","N/A"
"Pádel Gévora","","Diseminado Calatraveja, 4, 06180, Badajoz","","","https://padelizados.es/es-es/i/1451-padel-gevora/","N/A"
"Pista de pádel de Gévora","","06180, Badajoz","","","https://padelizados.es/es-es/i/1552-pista-de-padel-de-gevora/","N/A"
"Padel Montijo","","C. Bonifacio Gil, 2A, 06480, Montijo","+34609834640","","https://padelizados.es/es-es/i/741-padel-montijo/","N/A"
"Vall Parc: Club de Padel y Tenis en Barcelona","","Carretera de l' Arrabassada, 107, 127, 08035, Barcelona","+34932126789","info@vallparc.com","https://padelizados.es/es-es/i/64-vall-parc-club-de-padel-y-tenis-en-barcelona/","N/A"
"David Lloyd Turó","","Av. Diagonal, 673-685, 08028, Barcelona","+34933342012","Barcelona@davidlloyd.es","https://padelizados.es/es-es/i/605-david-lloyd-turo/","N/A"
"DiR Campus","","Av. Dr. Marañón, 17, 08028, Barcelona","+34934484141","","https://padelizados.es/es-es/i/588-dir-campus/","N/A"
"Munay Club Viladecans","","Cami Serral-llarg, 12, 08840, Barcelona","+34937969043","","https://padelizados.es/es-es/i/1127-munay-club-viladecans/","N/A"
"Nick Club Pàdel Barcelona","","Carrer de Campoamor, 66, 08031, Barcelona","+34605671355","sales@yoursite.com","https://padelizados.es/es-es/i/604-nick-club-padel-barcelona/","N/A"
"Bonasport Club Esportiu","","Carrer de Vista Bella, 11, 08022, Barcelona","+34932541500","","https://padelizados.es/es-es/i/158-bonasport-club-esportiu/","N/A"
"Fairplay Padel Club","","Carrer del Foc, 2, 08038, Barcelona","+34693525939","info@hostinger.fair","https://padelizados.es/es-es/i/67-fairplay-padel-club/","N/A"
"Diagonal DiR","","Carrer de Ganduxer, 25, 08021, Barcelona","+34932022202","","https://padelizados.es/es-es/i/584-diagonal-dir/","N/A"
"Nova Icària Esport & Fit","","Av. d'Icària, 167, 08005, Barcelona","+34932212580","sara@novaicaria.com","https://padelizados.es/es-es/i/226-nova-icaria-esport-fit/","N/A"
"Augusta Pàdel St. Cugat","","Av. de la Guinardera, 11 -13, 08174, Barcelona","+34630927501","","https://padelizados.es/es-es/i/87-augusta-padel-st--cugat/","N/A"
"Claror Can Caralleu Centre Esportiu","","Carrer dels Esports, 2, 8, 08017, Barcelona","+34932037874","","https://padelizados.es/es-es/i/603-claror-can-caralleu-centre-esportiu/","N/A"
"DiR Castillejos","","Carrer de los Castillejos, 388, 08025, Barcelona","+34933476644","","https://padelizados.es/es-es/i/576-dir-castillejos/","N/A"
"Putxet Sport","","Carrer de Marmellà, 23, 08023, Barcelona","+34931151990","info@essenciaputxet.com","https://padelizados.es/es-es/i/860-putxet-sport/","N/A"
"Club Tennis Barcino","","Plaça de Narcisa Freixas, 2, 08022, Barcelona","+34934170805","","https://padelizados.es/es-es/i/156-club-tennis-barcino/","N/A"
"Reial Societat de Tennis Pompeia","","Carrer de la Foixarda, 2, 16, 08038, Barcelona","+34933251348","administracion@rstpompeya.com","https://padelizados.es/es-es/i/211-reial-societat-de-tennis-pompeia/","N/A"
"DiR Hispà","","Carrer de Jorge Manrique, 15-19, 08035, Barcelona","+34934270050","info@dir.cat","https://padelizados.es/es-es/i/608-dir-hispa/","N/A"
"Artós Sports Club","","Carrer dels Vergós, 67, 08017, Barcelona","+34931162118","info@artossportsclub.com","https://padelizados.es/es-es/i/139-artos-sports-club/","N/A"
"FES PADEL Can Dragó","","Carrer de Rosselló i Pòrcel, 7, 08016, Barcelona","+34626738045","","https://padelizados.es/es-es/i/223-fes-padel-can-drago/","N/A"
"Club de Tennis i Pàdel Olímpia","","Carrer del Perú, 215, 08020, Barcelona","+34932662395","info@cemolimpia.com","https://padelizados.es/es-es/i/116-club-de-tennis-i-padel-olimpia/","N/A"
"Club Natació Sant Andreu","","Rambla de Fabra i Puig, 47, 08030, Barcelona","+34933456789","cursa@cnsantandreu.com","https://padelizados.es/es-es/i/591-club-natacio-sant-andreu/","N/A"
"CN Montjuïc","","Carrer del Segura, 36 | Accés peatonal per C/ De la Mare de Déu de port |, 08038, Barcelona","+34933318288","cnm@cnmontjuic.cat","https://padelizados.es/es-es/i/123-cn-montjuic/","N/A"
"Vip Pàdel Vilanova","","Can Rabassa, Camí de Vilassar, S/N, 08410, Barcelona","+34936394826","info@vippadelvilanova.com","https://padelizados.es/es-es/i/1128-vip-padel-vilanova/","N/A"
"Tennis Pineda Gavà","","Camí del Pinar, s/n, 08850, Barcelona","+34936330643","tenispineda@tenispineda.com","https://padelizados.es/es-es/i/272-tennis-pineda-gava/","N/A"
"Indoor Pàdel Barcelona","","Carrer de Veneçuela, 78, 08019, Barcelona","+34606091725","dpo.cliente@conversia.es","https://padelizados.es/es-es/i/937-indoor-padel-barcelona/","N/A"
"Meiland","","Carrer de la Maternitat d'Elna, 1, 08035, Barcelona","+34931767606","hola@meiland.es","https://padelizados.es/es-es/i/724-meiland/","N/A"
"CEM Maresme","","Carrer de Pallars, 484, 08019, Barcelona","+34933083553","info@cemmaresme.com","https://padelizados.es/es-es/i/1095-cem-maresme/","N/A"
"Padel Canet Club","","Carrer Riera d'en Misser, 08360, Barcelona","+34609619294","padelcanetclub@gmail.com","https://padelizados.es/es-es/i/668-padel-canet-club/","N/A"
"Pàdel Santa Susanna","","Carrer Lluis Maria Albin Sola, s/n, 08398, Barcelona","+34606121281","info@padelss.com","https://padelizados.es/es-es/i/334-padel-santa-susanna/","N/A"
"+Kpàdel","","Avinguda Madrid, 08711, Barcelona","+34602219810","nxxarcm@arcmultimedia.cat","https://padelizados.es/es-es/i/337-kpadel/","N/A"
"Liga de Pádel Barcelona","","Via Augusta, nº 147, 08021, Barcelona","+34633542663","hola@ligadepadelbarcelona.com","https://padelizados.es/es-es/i/1308-liga-de-padel-barcelona/","N/A"
"Siesports","","Carrer Quimica, Pol. Ind. Sant Vicenç, 16, 08755, Barcelona","+34695995327","siesports@siesports.cat","https://padelizados.es/es-es/i/461-siesports/","N/A"
"Pàdel Indoor Gironella","","Bassacs Carretera, 3B, 08680, Barcelona","+34623225887","Info@padelindoorgironella.cat","https://padelizados.es/es-es/i/1219-padel-indoor-gironella/","N/A"
"Unopadel - Meiland","","Carrer de la Maternitat d'Elna, 1, 08035, Barcelona","+34667162907","","https://padelizados.es/es-es/i/1241-unopadel-meiland/","N/A"
"Padelviu","","Carrer de Binèfar, 15, 08020, Barcelona","+34933054959","","https://padelizados.es/es-es/i/618-padelviu/","N/A"
"The Padel Box","","Carrer Maria Barrientos, 8, 08028, Barcelona","","hello@thepadelbox.es","https://padelizados.es/es-es/i/782-the-padel-box/","N/A"
"Pàdel Center Penedès","","Carrer Sumoi, 16, 08734, Barcelona","+34932780977","lidiacatasus@gmail.com","https://padelizados.es/es-es/i/1244-padel-center-penedes/","N/A"
"Tenis Meridiana","","Carrer de Can Ros, 26, 08027, Barcelona","+34934087669","","https://padelizados.es/es-es/i/1232-tenis-meridiana/","N/A"
"Esportiu Manyanet","","Carrer del Prat d'en Rull, 6, 08029, Barcelona","+34934395025","esportiu@lescorts.many","https://padelizados.es/es-es/i/715-esportiu-manyanet/","N/A"
"Club Tennis Piera","","C/ de Ca n'Aguilera s/n, 08784, Barcelona","+34605962437","","https://padelizados.es/es-es/i/1268-club-tennis-piera/","N/A"
"Pádel Manyanet","","Carrer del Prat d'en Rull, 6, 08029, Barcelona","+34640169844","info@padelmanyanet.com","https://padelizados.es/es-es/i/1314-padel-manyanet/","N/A"
"Wellness Point ZAL","","Av. Ports d'Europa, 100, 08040, Barcelona","+34615254509","info@wellnesspoint.es","https://padelizados.es/es-es/i/1343-wellness-point-zal/","N/A"
"PÀDEL - EL MIRADOR DE CÀNOVES I SAMALÚS","","Carrer de Cànoves, 368, 08445, Barcelona","+34600094073","","https://padelizados.es/es-es/i/1299-padel-el-mirador-de-canoves-i-samalus/","N/A"
"Let’s Padel","","Carrer del Segura, 36, 08038, Barcelona","+34933318288","","https://padelizados.es/es-es/i/858-lets-padel/","N/A"
"Pàdel Teixonera","","Carrer de Coll i Alentorn, 12, 08035, Barcelona","+34932749849","","https://padelizados.es/es-es/i/1495-padel-teixonera/","N/A"
"Don Caballo-Haven 1738","","Camí de Vilassar, 08410, Barcelona","+34670684785","","https://padelizados.es/es-es/i/1527-don-caballo-haven-1738/","N/A"
"Pàdel7 Sant Andreu","","Carrer de Bonaventura Gispert, 1, 08020, Barcelona","+34627944548","recepciopadel7glories@gmail.com","https://padelizados.es/es-es/i/843-padel7-sant-andreu/","N/A"
"Unopadel - Teixonera","","Carrer de la Granja Vella, 10, 08035, Barcelona","+34667162907","","https://padelizados.es/es-es/i/1416-unopadel-teixonera/","N/A"
"Club Pàdel Subirats","","C-243b, 08739, Barcelona","","","https://padelizados.es/es-es/i/1445-club-padel-subirats/","N/A"
"DONPADEL","","Camí de Vilassar, 08410, Barcelona","+34691482154","mail@example.com","https://padelizados.es/es-es/i/1582-donpadel/","N/A"
"Club Deportivo Bilbao","","Alameda de Recalde, 28, 48009, Bilbao","+34944231108","colegio@neverscooperativa.es","https://padelizados.es/es-es/i/1266-club-deportivo-bilbao/","N/A"
"Club Deportivo Landabarri","","Gaztañatxu Kalea, 16, 48170, Etxebarri","+34687775683","","https://padelizados.es/es-es/i/1182-club-deportivo-landabarri/","N/A"
"Pádel Derio Club","","Larrauri Kalea, 1, 48160, Derio","+34944544732","padel@padelderio.com","https://padelizados.es/es-es/i/503-padel-derio-club/","N/A"
"Padel Pistak","","Santa Luzia Bidea, 5, 48180, Erandio","","","https://padelizados.es/es-es/i/1501-padel-pistak/","N/A"
"Padel Bizkaia - Zamudio","","Torrelaragoiti, 48170, Zamudio","+34607405958","info@padelbizkaia.com","https://padelizados.es/es-es/i/1274-padel-bizkaia-zamudio/","N/A"
"Bilbao Padel Indoor (BPI)","","Torrelaragoiti, 7A, 48170, Zamudio","+34675208533","","https://padelizados.es/es-es/i/427-bilbao-padel-indoor-bpi/","N/A"
"PADEL INDOOR CENTER | Club de Padel en Barakaldo-Bilbao |","","Kareaga K., 115, 48903, Barakaldo","+34672648438","tiendapadelpic@gmail.com","https://padelizados.es/es-es/i/129-padel-indoor-center-club-de-padel-en-barakaldo-bilbao-/","N/A"
"Padeltoki","","Polígono Granada, Pabellón I, 48530, Ortuella","+34946353644","info@padeltoki.com","https://padelizados.es/es-es/i/281-padeltoki/","N/A"
"Club de Tenis y Pádel Kaialde de Santurtzi","","Reina Victoria Ibilbidea, 48980, Santurtzi","","","https://padelizados.es/es-es/i/1077-club-de-tenis-y-padel-kaialde-de-santurtzi/","N/A"
"Fadura Indoor Padel Courts","","Salsidualde Estarta, 7, 48991, Getxo","","","https://padelizados.es/es-es/i/1511-fadura-indoor-padel-courts/","N/A"
"World Padel Gatika","","Naves 5-6, 48110, Mungia","+34658098600","","https://padelizados.es/es-es/i/920-world-padel-gatika/","N/A"
"Padelko","","Poligono industrial Tabernabarri n3 A1, 48215, Iurreta","+34608701437","info@padelko.com","https://padelizados.es/es-es/i/524-padelko/","N/A"
"Padel Six Burgos","","Pol. Ind. Taglosa, naves Taglosa, 2-A, 09007, Burgos","+34620395847","","https://padelizados.es/es-es/i/475-padel-six-burgos/","N/A"
"+Padel","","Calle Condado de Treviño, 67 naves 34-35, 09001, Burgos","+34623403412","","https://padelizados.es/es-es/i/648-padel/","N/A"
"SOLJARD Soluciones en Jardinería, Podas-Riegos-Desbroces-Césped Ntral. y Artifcial.-Pistas padel, Instalación y Mantenimiento","","C. Real, 44, 09620, Revillarruz","+34625400970","fjespgon@gmail.com","https://padelizados.es/es-es/i/1526-soljard-soluciones-en-jardineria-podas-riegos-desbroces-cesped-ntral--y-artifcial--pistas-padel-instalacion-y-mantenimiento/","N/A"
"Padel Cadiz","","Vía de Alemania, S/N, 11011, Cádiz","+34618782911","","https://padelizados.es/es-es/i/1146-padel-cadiz/","N/A"
"Padel Indoor","","Poligono la Zorrera, Cádiz","+34683632476","","https://padelizados.es/es-es/i/746-padel-indoor/","N/A"
"Club Todopadel","","C. Francia, 12, 11519, Puerto Real","+34662674875","","https://padelizados.es/es-es/i/732-club-todopadel/","N/A"
"Puerto Sherry","","Av. de la Libertad, S/N, 11500, El Puerto de Santa María","+34956870103","reservas@hotelpuertosherry.com","https://padelizados.es/es-es/i/1123-puerto-sherry/","N/A"
"Club de Padel Puerto Sherry","","Av. de la Libertad, S/N, 11500, El Puerto de Santa María","+34637468253","","https://padelizados.es/es-es/i/208-club-de-padel-puerto-sherry/","N/A"
"Adesport Club Padel","","El Pinar, C. Teresa de Calcuta, 70, 11510, Puerto Real","+34694483300","","https://padelizados.es/es-es/i/602-adesport-club-padel/","N/A"
"+QPADEL","","C. Mecánicos, 5, 11100, San Fernando","+34647705157","","https://padelizados.es/es-es/i/402-qpadel/","N/A"
"ESCUELA DE PADEL LAS MARÍAS","","Sta. Maria de la Cabeza, s/n, 11500, El Puerto de Santa María","+34956859737","","https://padelizados.es/es-es/i/365-escuela-de-padel-las-marias/","N/A"
"club de padel la cancha","","A-491, KM. 21, 5, 11500, El Puerto de Santa María","+34682015090","","https://padelizados.es/es-es/i/762-club-de-padel-la-cancha/","N/A"
"Centro Deportivo Liceo","","Av. de la Marina, S/N, 11100, San Fernando","+34667457521","","https://padelizados.es/es-es/i/322-centro-deportivo-liceo/","N/A"
"Pádel Las Cubiertas","","Av. Issac Newton, s/n, 11500, El Puerto de Santa María","+34856395807","","https://padelizados.es/es-es/i/1009-padel-las-cubiertas/","N/A"
"Padel Salinas","","Pol Salinas Levante, Polígono Industrial Salinas de San José Cádiz ES, C. Académico Juan Luis Roche, 4, 11500, El Puerto de Santa María","+34956850700","","https://padelizados.es/es-es/i/1238-padel-salinas/","N/A"
"La Central","","Av. Ingeniero Marcos Seguin, s/n, 11500, El Puerto de Santa María","+34956547409","","https://padelizados.es/es-es/i/384-la-central/","N/A"
"Club de Pádel Bahía de Cádiz","","C. Bahía de Cádiz, 5, 11520, Rota","+34956810206","","https://padelizados.es/es-es/i/989-club-de-padel-bahia-de-cadiz/","N/A"
"Complejo Francisco Javier Zafra","","Av. Juan de Jover, 3, 11520, Rota","","","https://padelizados.es/es-es/i/863-complejo-francisco-javier-zafra/","N/A"
"Padel Torno Chiclana","","Av. de la Industria, 27, 11130, Chiclana de la Frontera","+34686973106","","https://padelizados.es/es-es/i/477-padel-torno-chiclana/","N/A"
"Heit Padel Carboneros","","C. Carboneros, 7, 11130, Chiclana de la Frontera","+34644224626","","https://padelizados.es/es-es/i/928-heit-padel-carboneros/","N/A"
"Academia Padel - ON","","Polideportivo Santa Ana, Agustín Blázquez, s/n, 11130, Chiclana de la Frontera","+34640353987","direccion@cdpadel-on.com","https://padelizados.es/es-es/i/1479-academia-padel-on/","N/A"
"Padel Center EUROPA 2015","","A-9034, 43, 11130, Chiclana de la Frontera","+34956012927","","https://padelizados.es/es-es/i/451-padel-center-europa-2015/","N/A"
"Club de Pádel COSTAPADEL Chiclana","","A-9034, 42, 11130, Chiclana de la Frontera","+34671313927","","https://padelizados.es/es-es/i/966-club-de-padel-costapadel-chiclana/","N/A"
"X3 paddle Indoor Chiclana","","Polígono Industrial Pelagatos, C. Cruz de la Calzada, s/n, 11130, Chiclana de la Frontera","+34621214784","","https://padelizados.es/es-es/i/417-x3-paddle-indoor-chiclana/","N/A"
"Padel Game Xerez","","Pol. Ind. el Portal, C. Sudáfrica, 132, 11408, Jerez de la Frontera","+34633130100","","https://padelizados.es/es-es/i/1140-padel-game-xerez/","N/A"
"Padel Extreme","","C. de la Algaida, 25, 11408, Jerez de la Frontera","+34697463829","","https://padelizados.es/es-es/i/325-padel-extreme/","N/A"
"Complejo Deportivo Jerez Sur","","C. Desconsuelo, s/n, 11408, Jerez de la Frontera","+34956145424","infojerez@forus.es","https://padelizados.es/es-es/i/954-complejo-deportivo-jerez-sur/","N/A"
"Heit Academy","","Sancti Petri, Avenida Octavio Augusto, 38 Centro Deportivo Hipotels, 11139, Chiclana de la Frontera","+34956497356","direccion@heitacademy.com","https://padelizados.es/es-es/i/525-heit-academy/","N/A"
"Sport-Land Xera - Instalaciones deportivas y césped artificial Jerez","","Residencial Jardines de, Av. de Nazaret, 1, local 1, 11406, Jerez de la Frontera","+34670428363","info@sportlandxera.com","https://padelizados.es/es-es/i/1571-sport-land-xera-instalaciones-deportivas-y-cesped-artificial-jerez/","N/A"
"Club Maspadel","","C. Mozart, SN, 11406, Jerez de la Frontera","+34659835130","info@clubmaspadel.com","https://padelizados.es/es-es/i/391-club-maspadel/","N/A"
"+ Q Pádel","","Ronda Norte Circunvalación, 346, 12004, Castellón de la Plana","+34633203056","masqpadelcs@gmail.com","https://padelizados.es/es-es/i/933--q-padel/","N/A"
"Sportclub Impala & Spa","","C. Astrònom Francesc Aragó, 2, 12100, Castellón de la Plana","+34964737383","info@impalasportclub.com","https://padelizados.es/es-es/i/924-sportclub-impala-spa/","N/A"
"Play Padel Indoor","","Poligono acceso sur, Carrer de Suècia, Nave 9, 12006, Castellón de la Plana","+34683287382","info@playpadelcastellon.es","https://padelizados.es/es-es/i/414-play-padel-indoor/","N/A"
"PÁDEL CENTER CASTELLÓN","","Calle Sta. Magdalena de Pulpis, 8, Bajo, 12006, Castellón de la Plana","+34608693955","masqpadelcs@gmail.com","https://padelizados.es/es-es/i/252-padel-center-castellon/","N/A"
"Pádel Castellón OkPadel Centro Deportivo","","Avinguda d'Almassora, nº37, 12005, Castellón de la Plana","+34964103203","reservas@okpadel.es","https://padelizados.es/es-es/i/597-padel-castellon-okpadel-centro-deportivo/","N/A"
"Pàdel Castalia Castelló","","C. d'Osca, 6, 12004, Castellón de la Plana","+34623256266","castellonpadelsport@gmail.com","https://padelizados.es/es-es/i/1365-padel-castalia-castello/","N/A"
"Pádel Raval","","","+34623257218","castellonpadelsport@gmail.com","https://padelizados.es/es-es/i/835-padel-raval/","N/A"
"CPS academy","","Camí de la Donació, 12100, Castellón de la Plana","+34661441150","info@cpsacademy.es","https://padelizados.es/es-es/i/935-cps-academy/","N/A"
"Pádel Jubelama Indoor Castellón","","Calle Pl Numero 85, 124B, 12004, Castellón de la Plana","+34647769560","","https://padelizados.es/es-es/i/699-padel-jubelama-indoor-castellon/","N/A"
"Pádel Indoor Castellon","","Carrer Ducat d'Atenes, 6, 12550, Almassora","+34638358903","","https://padelizados.es/es-es/i/505-padel-indoor-castellon/","N/A"
"Sport Pàdel Borriana","","Av. d'Almassora, s/n, 12530, Burriana","+34695930089","info@sportpadelburriana.com","https://padelizados.es/es-es/i/1208-sport-padel-borriana/","N/A"
"Centro de Padel Burriana ESPADEL","","Carr. de Nules, 56, 12530, Burriana","+34680753740","","https://padelizados.es/es-es/i/1183-centro-de-padel-burriana-espadel/","N/A"
"ENTREPISTES Restaurant i pàdel","","Av. Asturias, 10, 12200, Onda","+34964914019","info@entrepistes.es","https://padelizados.es/es-es/i/205-entrepistes-restaurant-i-padel/","N/A"
"Club Pàdel Pro Nules","","Carr. de la Vilavella, 72, 12520, Nules","+34637603239","","https://padelizados.es/es-es/i/1375-club-padel-pro-nules/","N/A"
"Padel encubierto","","Cam. Fanzara, 26, 12200, Onda","+34667721306","info@caldererialaplana.es","https://padelizados.es/es-es/i/1503-padel-encubierto/","N/A"
"Nou Padel Onda","","Cam. Fanzara, 7, 12200, Onda","+34633058009","","https://padelizados.es/es-es/i/1005-nou-padel-onda/","N/A"
"Pàdel la Vall d’Uixó","","Av. Agricultor, 48-50, 12600, La Vall d'Uixó","","","https://padelizados.es/es-es/i/1397-padel-la-vall-duixo/","N/A"
"PADELCDM","","C. Proyecto 3, 11, 46510, Quartell","+34684476769","","https://padelizados.es/es-es/i/358-padelcdm/","N/A"
"Rincón del Pádel","","Carrer del Ciscar, 65, 46529, Canet de Berenguer","+34609873280","ferpadel@me.com","https://padelizados.es/es-es/i/781-rincon-del-padel/","N/A"
"Restaurante El Faro de Canet","","Carrer Mariano Benlliure, 18, 46529, Canet de Berenguer","+34665835240","info@complejoelfaro.com","https://padelizados.es/es-es/i/1048-restaurante-el-faro-de-canet/","N/A"
"Club Deportivo Las Fuentes","","C. Jai Alai, 15, 12579, Alcossebre","+34633878428","clubdeportivolasfuentes@gmail.com","https://padelizados.es/es-es/i/1406-club-deportivo-las-fuentes/","N/A"
"Club de Tenis Perla del Mediterráneo","","Av. Reyes Católicos, 0, 51002, Ceuta","+34609278945","","https://padelizados.es/es-es/i/1029-club-de-tenis-perla-del-mediterraneo/","N/A"
"Body Factory","","Av. Ramón Puyol, S/N, 11202, Algeciras","+34956639883","algeciras@bodyfactory.es","https://padelizados.es/es-es/i/720-body-factory/","N/A"
"PÁDEL BRAND S.L.","","Ctra. Cádiz Ctra. A, KM 109, 11202, Algeciras","+34856621133","info@padelbrand.es","https://padelizados.es/es-es/i/797-padel-brand-s-l/","N/A"
"Club de pádel indoor Activa Deporte","","Zabal, 46, 11300, La Línea de la Concepción","+34638346216","","https://padelizados.es/es-es/i/539-club-de-padel-indoor-activa-deporte/","N/A"
"Pistas de Pádel Polideportivo Municipal","","11370, Los Barrios","","","https://padelizados.es/es-es/i/1512-pistas-de-padel-polideportivo-municipal/","N/A"
"La Pista","","Carr. de Puertollano, 13440, Ciudad Real","+34649944467","","https://padelizados.es/es-es/i/398-la-pista/","N/A"
"Club de Ocio Nudos","","Carretera Nacional 430, km 304, 13005, Ciudad Real","+34639611204","soporte@ovh.es","https://padelizados.es/es-es/i/675-club-de-ocio-nudos/","N/A"
"Pádel Plus","","C. Hermanos Lumiere, 12, 13005, Ciudad Real","+34619881676","","https://padelizados.es/es-es/i/375-padel-plus/","N/A"
"CLUB DE TENIS MANZANARES.","","Cam. Cristo de las Agonías, 11, 13200, Ciudad Real","+34926613029","contacto@clubdetenismanzanares.com","https://padelizados.es/es-es/i/479-club-de-tenis-manzanares/","N/A"
"Pádel Bibiertas","","C. Campo de Criptana, 6, 13005, Ciudad Real","+34637321382","fernandofuentesmateos@gmail.com","https://padelizados.es/es-es/i/1272-padel-bibiertas/","N/A"
"Club Realpadel","","Av. Tablas de Daimiel, s/n, 13004, Ciudad Real","+34648623366","","https://padelizados.es/es-es/i/902-club-realpadel/","N/A"
"Club De Ocio Realpadel Poblete","","C. Girón, 2, 13195, Poblete","+34648623366","","https://padelizados.es/es-es/i/548-club-de-ocio-realpadel-poblete/","N/A"
"Pádel Center Carlos J","","C/ Murcia 63, Polígono Industrial, C. las Viñas, 13420, Malagón","+34634290231","info@padelcentercj.com","https://padelizados.es/es-es/i/820-padel-center-carlos-j/","N/A"
"VIP Padel Malagón","","C. Magallanes, 1, 13420, Malagón","+34622807308","","https://padelizados.es/es-es/i/959-vip-padel-malagon/","N/A"
"CLUB DE PADEL LA HERRADURA CIUDAD REAL","","Av. de la Estación, 2, 13580, Almodóvar del Campo","+34645690041","","https://padelizados.es/es-es/i/994-club-de-padel-la-herradura-ciudad-real/","N/A"
"X3 Padel villarrubia","","C. Grande, 70, 13670, Villarrubia de los Ojos","+34666052456","","https://padelizados.es/es-es/i/962-x3-padel-villarrubia/","N/A"
"Stock Padel Córdoba","","C/ María Montessori, 7, 14011, Córdoba","+34682897989","info@stockpadel.com","https://padelizados.es/es-es/i/163-stock-padel-cordoba/","N/A"
"Club Vistasierra","","km 1,3, Carret. de Trassierra, 14011, Córdoba","+34609517286","","https://padelizados.es/es-es/i/162-club-vistasierra/","N/A"
"El Vial Padel - Córdoba","","C. Tartesos, 12, 14011, Córdoba","+34691923994","","https://padelizados.es/es-es/i/219-el-vial-padel-cordoba/","N/A"
"Club Deportivo El Carmen","","Alonso el Sabio, 34, 14001, Córdoba","+34674284099","","https://padelizados.es/es-es/i/929-club-deportivo-el-carmen/","N/A"
"Open Arena","","C. Escritora Maria Goyri, s/n, 14005, Córdoba","+34957236485","info@openarena.es","https://padelizados.es/es-es/i/917-open-arena/","N/A"
"CD. Padel the Quemadas","","Pol. Ind. Tecnocórdoba, C. Suecia, 108, Nave A, 14014, Córdoba","+34678428942","","https://padelizados.es/es-es/i/278-cd--padel-the-quemadas/","N/A"
"Club Deportivo Sansueña","","C. Escultor Ramón Barba, 72, 14012, Córdoba","+34957282242","","https://padelizados.es/es-es/i/1210-club-deportivo-sansuena/","N/A"
"Padelium chinales","","Av. de Chinales, 10, 14007, Córdoba","+34957356920","","https://padelizados.es/es-es/i/374-padelium-chinales/","N/A"
"Club Deportivo Sierra Morena","","Carret. de Trassierra, Km 3, 14011, Córdoba","+34671525345","","https://padelizados.es/es-es/i/1151-club-deportivo-sierra-morena/","N/A"
"La Catedral del Padel","","C. José de Gálvez y Aranda, 35A, 14014, Córdoba","+34681372925","","https://padelizados.es/es-es/i/480-la-catedral-del-padel/","N/A"
"Sansueña Padel Club","","C. Madres Escolapias, 14012, Córdoba","+34605695595","","https://padelizados.es/es-es/i/683-sansuena-padel-club/","N/A"
"club de padel arruzafa","","C/ Poeta José María Alvariño, 20, 14012, Córdoba","+34687759204","","https://padelizados.es/es-es/i/483-club-de-padel-arruzafa/","N/A"
"You Play Padel","","Av. Apreama, 14013, Córdoba","+34624475272","","https://padelizados.es/es-es/i/1409-you-play-padel/","N/A"
"Club de padel A3SET","","Cordoba, 14720, Almodóvar del Río","+34627032438","","https://padelizados.es/es-es/i/865-club-de-padel-a3set/","N/A"
"Club Padel Indoor Fuente palmera","","A-440, 61, 14112, Fuente Palmera","+34602231994","","https://padelizados.es/es-es/i/982-club-padel-indoor-fuente-palmera/","N/A"
"Única Padel Q","","P.I. Ctra. Motilla, C/ Cubillo, 47, 16004, Cuenca","+34674385140","","https://padelizados.es/es-es/i/1222-unica-padel-q/","N/A"
"Nuevo Pádel Cuenca","","Carretera Valencia Poligono fercusa, nave 4, 16004, Cuenca","+34665111536","","https://padelizados.es/es-es/i/1256-nuevo-padel-cuenca/","N/A"
"Global Padel Pro Indoor Cuenca","","Polígono Industrial Carretera Motilla, Polígono Sepes, 48, 16004, Cuenca","+34626870807","","https://padelizados.es/es-es/i/900-global-padel-pro-indoor-cuenca/","N/A"
"Ibaeta Padel Trinketea","","Igara Bidea, 71, 20018, Donostia / San Sebastián","+34943213644","trinketeibaeta@hotmail.com","https://padelizados.es/es-es/i/392-ibaeta-padel-trinketea/","N/A"
"Mons kiroldegia","","Julimasene Kalea, 1C, 20015, Donostia / San Sebastián","+34943285830","","https://padelizados.es/es-es/i/1136-mons-kiroldegia/","N/A"
"Euskal Padel Federazioa (FVP-EPF)","","Errotaburu Pasealekua, 1, 3ª Planta, 20018, Donostia / San Sebastián","+34645733746","info@padelcv.com","https://padelizados.es/es-es/i/1103-euskal-padel-federazioa-fvp-epf/","N/A"
"Pádel 21 Astigarraga","","Oialume Bidea, 37, 20115, Astigarraga","+34611444708","admin@padel21asti.com","https://padelizados.es/es-es/i/832-padel-21-astigarraga/","N/A"
"Padel Indoor Oarso","","Egiburuberri Pasealekua Ibilbidea, 15, A, 20100, Errenteria","+34943788081","info@padeloarso.com","https://padelizados.es/es-es/i/1322-padel-indoor-oarso/","N/A"
"padel indoor bidasoa","","Bidaurre-Ureder, 45, BJ G, 20305, Irun","+34943574856","info@padelindoorbidasoa.com","https://padelizados.es/es-es/i/492-padel-indoor-bidasoa/","N/A"
"Orioko Karela Kiroldegia","","Erribera Kalea, 1, 20810, Orio","+34943894428","bpxport@bpxport.es","https://padelizados.es/es-es/i/1513-orioko-karela-kiroldegia/","N/A"
"Hondartza Kiroldegia","","Foru Kalea, s/n, 20280, Hondarribia","+34943647137","dpo@gfmservicios.com","https://padelizados.es/es-es/i/1229-hondartza-kiroldegia/","N/A"
"Padel Urola","","Anardi Area Aldea, 3, 20730, Azpeitia","+34669904046","info@apuntat.com","https://padelizados.es/es-es/i/1018-padel-urola/","N/A"
"Padel Indoor Goierri - Pistas de pádel en Beasain","","Polígono Gudugarreta 16 A, 20218, Beasain","+34943884958","","https://padelizados.es/es-es/i/1324-padel-indoor-goierri-pistas-de-padel-en-beasain/","N/A"
"Serres de Pals Golf & Sport Club","","Mas Gelabert, 17256, Girona","+34972117106","info@serresdepals.com","https://padelizados.es/es-es/i/1083-serres-de-pals-golf-sport-club/","N/A"
"Camiral A Quinta Do Lago Resort","","","+34972181020","","https://padelizados.es/es-es/i/562-camiral-a-quinta-do-lago-resort/","N/A"
"PADEL GIRONA UALA","","Carrer Can Pau Birol, 11, 17005, Girona","+34662313098","info@padelgirona.com","https://padelizados.es/es-es/i/257-padel-girona-uala/","N/A"
"Gipadel Padel Indoor Girona","","Carrer Joeria Petita, 2B, 17007, Girona","+34872220808","info@gipadel.com","https://padelizados.es/es-es/i/464-gipadel-padel-indoor-girona/","N/A"
"BREAK PADEL GIRONA","","Carrer Barcelona, 232, 17005, Girona","+34645539321","","https://padelizados.es/es-es/i/1363-break-padel-girona/","N/A"
"x3 Club Girona Padel","","Ctra. Cartellà s/n Pol. Ind. Jueria, 17150, Girona","+34972111111","x3@x3padel.com","https://padelizados.es/es-es/i/888-x3-club-girona-padel/","N/A"
"Pàdel Perelló","","Carrer del Mas Falgàs, 2, 17180, Vilablareix","+34606451628","","https://padelizados.es/es-es/i/1447-padel-perello/","N/A"
"Pàdel Riudellots 2","","Avinguda del Mas Pins, 114, 17457, Riudellots de la Selva","+34972909030","info@padelriudellots.com","https://padelizados.es/es-es/i/999-padel-riudellots-2/","N/A"
"Pàdel Riudellots","","Polígon Polingesa, Avinguda Mas Vilà, 59, 17457, Riudellots de la Selva","+34972909030","info@padelriudellots.com","https://padelizados.es/es-es/i/472-padel-riudellots/","N/A"
"Pitch & putt Franciac","","N-2, km 703, 17456, Caldes de Malavella","+34972471028","info@golffranciac.com","https://padelizados.es/es-es/i/1066-pitch-putt-franciac/","N/A"
"Pàdel Estany","","Passeig de la Indústria, s/n, 17834, Porqueres","+34972092212","info@padelestany.cat","https://padelizados.es/es-es/i/704-padel-estany/","N/A"
"Mas Solà Club Santa Coloma de Farners","","Ctra. de Sils, km.2, 17430, Santa Coloma de Farners","","","https://padelizados.es/es-es/i/967-mas-sola-club-santa-coloma-de-farners/","N/A"
"Pàdel Llagostera","","Av. de l'Esport, s/n, 17240, Llagostera","+34659663750","","https://padelizados.es/es-es/i/901-padel-llagostera/","N/A"
"Club Pàdel Vidreres","","Carrer de l'Institut, s/n, 17411, Vidreres","+34659663750","","https://padelizados.es/es-es/i/634-club-padel-vidreres/","N/A"
"Pàdel Gualta GC Sports","","Carretera de Torroella de Montgrí a, Km 1, 17257, Gualta","+34691542243","info@gualta.com","https://padelizados.es/es-es/i/855-padel-gualta-gc-sports/","N/A"
"Mas de Torrent Hotel & Spa","","Afueras de Torrent, S/N, 17123, Torrent","+34972303292","info@mastorrent.com","https://padelizados.es/es-es/i/755-mas-de-torrent-hotel-spa/","N/A"
"Club de Tennis Calonge","","Carrer de les Escoles, 4, 17251, Calonge","+34640297752","tenniscalonge@gmail.com","https://padelizados.es/es-es/i/536-club-de-tennis-calonge/","N/A"
"Club de pádel Nautic Pádel","","Carrer de les Roques Martines, 3, 17250, Sant Feliu de Guíxols","+34972826111","","https://padelizados.es/es-es/i/481-club-de-padel-nautic-padel/","N/A"
"Club Tennis d´Aro","","Lugar Urbanització la Gramoia del Puig Platja d´Aro, s/n, 17250, Sant Feliu de Guíxols","+34972190533","info@clubtennisdaro.com","https://padelizados.es/es-es/i/214-club-tennis-daro/","N/A"
"La Salada Padel & Tennis","","Ronda Narcís Massanas, 71, 17220, Sant Feliu de Guíxols","+34656489468","padeltennis@lasalada.cat","https://padelizados.es/es-es/i/625-la-salada-padel-tennis/","N/A"
"Pàdel Indoor Punt d'Or","","Costa Brava Bulevard, Planta 1, 17200, Palafrugell","+34686016369","","https://padelizados.es/es-es/i/1337-padel-indoor-punt-dor/","N/A"
"MÉS Esport i Salut","","Avinguda de la Verge de Núria, S/n, 17252, Sant Antoni de Calonge","+34972652810","reserves@mesgavarres.com","https://padelizados.es/es-es/i/1168-mes-esport-i-salut/","N/A"
"Club Tennis Costa Brava","","Camí Ral, 3, 17253, Mont-ras","+34972308172","info@clubtenniscostabrava.com","https://padelizados.es/es-es/i/305-club-tennis-costa-brava/","N/A"
"Club de Tennis L'Escala","","Carrer de l'Escorxador, 79, 17130, L'Escala","+34972770138","","https://padelizados.es/es-es/i/738-club-de-tennis-lescala/","N/A"
"Colònies Canyelles","","Av. Canyelles, 25, 17310, Lloret de Mar","+34972365678","info@coloniescanyelles.com","https://padelizados.es/es-es/i/1231-colonies-canyelles/","N/A"
"Padel and Go","","Av. del Rieral, 22, 17310, Lloret de Mar","+34664687525","booking@padelandgo.com","https://padelizados.es/es-es/i/1606-padel-and-go/","N/A"
"La Piscina de Lloret","","Av. del Rieral, 22, 17310, Lloret de Mar","+34972364384","piscina@lloret.cat","https://padelizados.es/es-es/i/889-la-piscina-de-lloret/","N/A"
"Minigolf bar Montplà. Pàdel. Tennis.","","Carretera de Torroella, 17258, L'Estartit","+34972751002","montpla.estartit@gmail.com","https://padelizados.es/es-es/i/759-minigolf-bar-montpla--padel--tennis/","N/A"
"Club Tennis Llafranc","","Avenida Jesús Serra Santamans, 15-17, 17211, Llafranc","+34972302308","info@tenisllafranc.cat","https://padelizados.es/es-es/i/312-club-tennis-llafranc/","N/A"
"Golf Lloret / Pàdel - Pitch & Putt","","Papalús s/n, 17310, Lloret de Mar","+34609132133","","https://padelizados.es/es-es/i/318-golf-lloret--padel-pitch-putt/","N/A"
"Zona Esportiva Municipal d'Hostalric","","Carrer Via Romana, s/n, 17450, Hostalric","+34619987453","","https://padelizados.es/es-es/i/1293-zona-esportiva-municipal-dhostalric/","N/A"
"ESPAI PÀDEL BLANES","","Ctra. Tordera, km. 4,5, 17300, Blanes","+34608720733","","https://padelizados.es/es-es/i/169-espai-padel-blanes/","N/A"
"O2 Centro Wellness Granada","","Calle Neptuno, s/n, 18004, Granada","+34958260726","","https://padelizados.es/es-es/i/767-o2-centro-wellness-granada/","N/A"
"BeOne Fitness & Sport","","Paseo da Praia Fluvial, S/N, 32001, Ourense","+34988218600","ourense@beone.es","https://padelizados.es/es-es/i/1190-beone-fitness-sport/","N/A"
"TECNOPÁDEL GRANADA","","POLIGONO TECNOLOGICO DE LOS OGIJARES, NAVE 17, 18151, Granada","+34647217084","","https://padelizados.es/es-es/i/1179-tecnopadel-granada/","N/A"
"Campus Padel Club","","C. Menéndez Pelayo, s/n, 18007, Granada","+34630891907","info@campuspadelclub.es","https://padelizados.es/es-es/i/251-campus-padel-club/","N/A"
"ValsSport Ilusión","","C. de María Guerrero, s/n, 18003, Granada","+34661287357","","https://padelizados.es/es-es/i/1170-valssport-ilusion/","N/A"
"INACUA ANTONIO PRIETO","","Av. Federico García Lorca, s/n, 18014, Granada","+34958161388","","https://padelizados.es/es-es/i/692-inacua-antonio-prieto/","N/A"
"Césped y Pistas","","Cortijo El Nogal, Carr. de la Zubia, s/n, 18008, Granada","+34958138395","","https://padelizados.es/es-es/i/1355-cesped-y-pistas/","N/A"
"Padel Master Club","","C. Periodista Luis de Vicente, 1, 18011, Granada","+34684774618","","https://padelizados.es/es-es/i/1427-padel-master-club/","N/A"
"Polideportivo Genil","","P.º de los Basilios, 2, 18008, Granada","+34699810981","reservas@polideportivogenil.es","https://padelizados.es/es-es/i/1541-polideportivo-genil/","N/A"
"Padel Sport Granada Indoor","","18100, Armilla","+34606145849","info@gestimars.com","https://padelizados.es/es-es/i/186-padel-sport-granada-indoor/","N/A"
"Sport Club La Hípica","","Pje. de San José, km 2, 18004, Churriana de la Vega","+34676751465","sportclub.hipica@gmail.com","https://padelizados.es/es-es/i/691-sport-club-la-hipica/","N/A"
"Odeco Pádel Cubierto en Granada","","C. Habana, 103, 18194, Churriana de la Vega","+34615162728","","https://padelizados.es/es-es/i/655-odeco-padel-cubierto-en-granada/","N/A"
"Box Padel","","Cam. Puente del Palo, 18194, Churriana de la Vega","+34621094304","","https://padelizados.es/es-es/i/467-box-padel/","N/A"
"Padbol Ogíjares","","C. Salamanca, 52, 18151, Ogíjares","+34630683981","","https://padelizados.es/es-es/i/1425-padbol-ogijares/","N/A"
"Geopadel","","Polígono Tecnológico los, C. Zamora, 130, 18151, Ogíjares","+34646059962","","https://padelizados.es/es-es/i/240-geopadel/","N/A"
"Padel Land La Zubia","","C. Nelson Mandela, 18140, La Zubia","+34633870786","","https://padelizados.es/es-es/i/1003-padel-land-la-zubia/","N/A"
"Central Padel","","Av. Andalucía, 5, 18210, Peligros","+34644295243","","https://padelizados.es/es-es/i/594-central-padel/","N/A"
"Pistas De Pádel Cenes De La Vega","","Cam. de las Fuentezuelas, 6, 18190, Cenes de la Vega","","","https://padelizados.es/es-es/i/1264-pistas-de-padel-cenes-de-la-vega/","N/A"
"Oasys Fit-Padel","","C. Montejicar, 22, 18210, Peligros","+34616937183","","https://padelizados.es/es-es/i/1559-oasys-fit-padel/","N/A"
"NEVADA PADEL","","C. Sevilla, 7, 18195, Cúllar Vega","+34958547379","","https://padelizados.es/es-es/i/381-nevada-padel/","N/A"
"Fourpadel","","C. Almuñecar, parcela 138, 18220, Albolote","+34670365146","","https://padelizados.es/es-es/i/1200-fourpadel/","N/A"
"O2 Centro Wellness Huelva","","C. San Sebastián, S/N, 21004, Huelva","+34959246276","","https://padelizados.es/es-es/i/1064-o2-centro-wellness-huelva/","N/A"
"Rutherford Garden-Bar","","Av. del 11 Marzo, 21120, Huelva","","","https://padelizados.es/es-es/i/1022-rutherford-garden-bar/","N/A"
"Pádel7","","Carr. Sevilla, 28W, 21007, Huelva","+34683519052","info@padel7.com","https://padelizados.es/es-es/i/370-padel7/","N/A"
"Forus Huelva (C.D. El Saladillo)","","Av. Honduras, s/n, 21007, Huelva","+34959270115","infohuelva@forus.es","https://padelizados.es/es-es/i/666-forus-huelva-c-d--el-saladillo/","N/A"
"Albergue Inturjoven Punta Umbria","","Av. del Océano, 13, 21100, Punta Umbría","+34955181181","resrvas.itj@jundadeandalucia.es","https://padelizados.es/es-es/i/1122-albergue-inturjoven-punta-umbria/","N/A"
"PADELEPE","","C. Manijeros, 27, 21440, Lepe","+34614421550","","https://padelizados.es/es-es/i/1115-padelepe/","N/A"
"X EL PADEL LEPE","","C. de la Encina, s/n, 21440, Lepe","+34611617170","","https://padelizados.es/es-es/i/775-x-el-padel-lepe/","N/A"
"Club Deportivo Pinares (Sede Pinares de Lepe)","","Urbanización Pinares de Lepe, Calle Albahaca, s/n, 21440, Lepe","+34630315634","info@pinaresdelepe.com","https://padelizados.es/es-es/i/470-club-deportivo-pinares-sede-pinares-de-lepe/","N/A"
"Club Deportivo Pinares (See Islantilla)","","Avenida de Isla Cristina s/n, 21449, Lepe","+34630315634","info@pinaresdelepe.com","https://padelizados.es/es-es/i/653-club-deportivo-pinares-see-islantilla/","N/A"
"Indoor Huesca","","C. Siderurgia, 1, Nave 68, 22006, Huesca","+34974234247","info@indoorhuesca.com","https://padelizados.es/es-es/i/397-indoor-huesca/","N/A"
"Zonepadel, Paddle Club in Huesca","","Poligono Sepes, Ronda de la Industria, 133, 22006, Huesca","+34974233011","","https://padelizados.es/es-es/i/637-zonepadel-paddle-club-in-huesca/","N/A"
"X3 INDOOR HUESCA PADEL SL","","C. Alcañiz, 4, 22004, Huesca","+34650132646","","https://padelizados.es/es-es/i/1331-x3-indoor-huesca-padel-sl/","N/A"
"Zuera Indoor Padel","","Av. Zaragoza, 128, 50800, Zuera","+34654115529","","https://padelizados.es/es-es/i/1092-zuera-indoor-padel/","N/A"
"Complejo La Veguilla","","A-312, Km 79, 23340, Jaén","+34953425482","reservas@laveguilla.es","https://padelizados.es/es-es/i/887-complejo-la-veguilla/","N/A"
"MAFEMA","","Ctra. los Villares, km 3, 23740, Jaén","+34678541181","fernandomafema@gmail.com","https://padelizados.es/es-es/i/237-mafema/","N/A"
"Padel Indoor Jaén","","C. Carmen de Michelena, 4, 23009, Jaén","+34953369684","ejemplo@correo.com","https://padelizados.es/es-es/i/395-padel-indoor-jaen/","N/A"
"Padel Premium","","C. Beas de Segura, 12, 23009, Jaén","+34953284109","info@padelpremium.com","https://padelizados.es/es-es/i/433-padel-premium/","N/A"
"Pistas de Pádel N-323A Altos del Puente Nuevo","","C. Vega del Molinero, 82, 23009, Jaén","+34617399647","ayuntamiento@laguardiadejaen.es","https://padelizados.es/es-es/i/1620-pistas-de-padel-n-323a-altos-del-puente-nuevo/","N/A"
"Complejo deportivo Eras de San Sebastián","","C. Torrejón, S/N, 23170, Mancha Real","+34607806963","ayuntamiento@laguardiadejaen.es","https://padelizados.es/es-es/i/1359-complejo-deportivo-eras-de-san-sebastian/","N/A"
"FUNPADEL","","C. Torredonjimeno, 14, 23640, Torredelcampo","+34608168669","contacto@funpadel.es","https://padelizados.es/es-es/i/841-funpadel/","N/A"
"Club de Pádel Torreolivo","","C. el Berrueco, 2, 23640, Torredelcampo","+34619362169","","https://padelizados.es/es-es/i/549-club-de-padel-torreolivo/","N/A"
"Club de Padel Los Villares","","23160, Los Villares","+34667927186","demo@fdsusi.es","https://padelizados.es/es-es/i/813-club-de-padel-los-villares/","N/A"
"Sport Goli","","Pol. Ind. Mirabueno, C. Méjico, 2, 23650, Torredonjimeno","","demo@fdsusi.es","https://padelizados.es/es-es/i/1432-sport-goli/","N/A"
"Smash Padel Martos","","C. Torneros, 9, 23600, Martos","+34655987451","demo@fdsusi.es","https://padelizados.es/es-es/i/500-smash-padel-martos/","N/A"
"Shark Club Padel Baeza","","C. Río Guadiana, 34, 23440, Baeza","+34638914376","","https://padelizados.es/es-es/i/845-shark-club-padel-baeza/","N/A"
"Padel Indoor Linares","","C. Mina el Fastillo, S/N, 23700, Linares","+34953656197","","https://padelizados.es/es-es/i/540-padel-indoor-linares/","N/A"
"Olímpico de León","","C. Justino Azcarate, 1, 24008, León","+34987495547","info@olimpicodeleon.com","https://padelizados.es/es-es/i/646-olimpico-de-leon/","N/A"
"Pádel Park León","","P.º el Parque, s/n, 24005, León","+34987261234","info@padelparkleon.com","https://padelizados.es/es-es/i/182-padel-park-leon/","N/A"
"Padelprix Oalma León","","P.I. La Lastra C/ Fuente Sublantina s/n, Bloque 2Q, 24005, León","+34663031717","20tenis5leon@padelprix.com","https://padelizados.es/es-es/i/778-padelprix-oalma-leon/","N/A"
"Casa León S.D.R.","","Av. San Ignacio de Loyola, 24191, San Andrés del Rabanedo","+34987237378","oficina@casaleon.es","https://padelizados.es/es-es/i/302-casa-leon-s-d-r/","N/A"
"León Padel Club","","P.I. Trobajo del Camino, C. del Valle Jo, Nave 66, 24010, San Andrés del Rabanedo","+34655488960","","https://padelizados.es/es-es/i/531-leon-padel-club/","N/A"
"Central Padel León","","C. la Vaguada, 7, 24010, San Andrés del Rabanedo","+34660723021","","https://padelizados.es/es-es/i/225-central-padel-leon/","N/A"
"Pista De Padel De Villacelama","","LE-512, 47, 24225, Villanueva de las Manzanas","+34987310306","villacelama@websdepadel.com","https://padelizados.es/es-es/i/1509-pista-de-padel-de-villacelama/","N/A"
"Pista de Pádel","","C. Llamargo, 2, 24285, Quintanilla del monte","","","https://padelizados.es/es-es/i/1532-pista-de-padel/","N/A"
"Aurial Pádel Indoor","","Poligono Neoparc, Carrer Alcarràs, 23, 25190, Lleida","+34621282576","","https://padelizados.es/es-es/i/174-aurial-padel-indoor/","N/A"
"Club Tennis Lleida","","Camí Boixadors, 60, 25198, Lleida","+34973240010","docencia@fcpadel.cat","https://padelizados.es/es-es/i/203-club-tennis-lleida/","N/A"
"Sícoris Club","","Carrer Sícoris, 45, 25001, Lleida","+34973204329","info@sicorisclub.com","https://padelizados.es/es-es/i/181-sicoris-club/","N/A"
"CÀMPING ORGANYÀ PARK","","25794, Lleida","+34621284673","info@organyapark.com","https://padelizados.es/es-es/i/447-camping-organya-park/","N/A"
"Trèvol","","Avinguda de Tortosa, 84, 25005, Lleida","+34973106885","gsune@trevollleida.com","https://padelizados.es/es-es/i/794-trevol/","N/A"
"Club Tennis Urgell","","Partida Balàfia, 71, 25196, Lleida","+34973088880","club@tennisurgell.com","https://padelizados.es/es-es/i/371-club-tennis-urgell/","N/A"
"Padel Indoor Tàrrega","","Carrer Pol.indust. la, Ca Naleta, 69B, 25300, Lleida","+34659050265","","https://padelizados.es/es-es/i/1305-padel-indoor-tarrega/","N/A"
"Pitch & Putt Lleida i Padel Lleida","","Camí dels Fondos, 80, 25131, Torre-serona","+34666002433","","https://padelizados.es/es-es/i/1396-pitch-putt-lleida-i-padel-lleida/","N/A"
"Pàdel Alcarràs","","Carrer Partida les Sorts, 204, 25180, Alcarràs","+34696425693","clubpadelalcarras@gmail.com","https://padelizados.es/es-es/i/546-padel-alcarras/","N/A"
"ODYSSEY PADEL INDOOR","","Pol. Ind. Fondo de Litera, C. Encaixonadores, 18, 22520, Fraga","+34671935865","","https://padelizados.es/es-es/i/915-odyssey-padel-indoor/","N/A"
"Pàdel Arbeca","","Carrer del Pou, 27, 25140, Arbeca","+34638608316","","https://padelizados.es/es-es/i/723-padel-arbeca/","N/A"
"Dakirol - Castellnou de Seana","","Carrer Utxafava, 25265, Castellnou de Seana","+34660990389","","https://padelizados.es/es-es/i/1614-dakirol-castellnou-de-seana/","N/A"
"B.A.P.","","C. Mariano de Pano, 118, 120, 22500, Binéfar","+34648862287","","https://padelizados.es/es-es/i/1098-b-a-p/","N/A"
"Pista de Pádel Pública Municipal de Mequinenza.","","50170, Mequinenza","+34974464721","info@museosdemequinenza.com","https://padelizados.es/es-es/i/1548-pista-de-padel-publica-municipal-de-mequinenza/","N/A"
"Camping Prades Park","","Cra t- km 6850, T-701, K 6, 85 Entrada, 43364, Prades","+34977868270","","https://padelizados.es/es-es/i/566-camping-prades-park/","N/A"
"Alos pádel indoor","","Polígono Industrial Cantabria, C. Majuelo, 4, 26009, Logroño","+34941265060","","https://padelizados.es/es-es/i/449-alos-padel-indoor/","N/A"
"Padel La Ribera","","P.º del Prior, 6, 26004, Logroño","+34646593407","","https://padelizados.es/es-es/i/512-padel-la-ribera/","N/A"
"Centro Deportivo Sociocultural Militar 'Hípica de Logroño'","","Av. de la Playa, 4, 26009, Logroño","+34941234212","","https://padelizados.es/es-es/i/1248-centro-deportivo-sociocultural-militar-hipica-de-logrono/","N/A"
"Vinca Jardineria y Viveros","","Polígono Cantabria II, Pabellon, C. Las Cañas, 9, 26009, Logroño","+34941265158","info@mass-security.es","https://padelizados.es/es-es/i/1536-vinca-jardineria-y-viveros/","N/A"
"Padel & Gym","","NA-134, 31230, Viana","+34619059717","","https://padelizados.es/es-es/i/766-padel-gym/","N/A"
"Hotel Auditorio Santiago & Spa","","Urbanización Bela Vista, Carretera N-540, km. 3.200, 27004, Lugo","+34982010101","hotelsantiago@hotelsantiago-sl.es","https://padelizados.es/es-es/i/600-hotel-auditorio-santiago-spa/","N/A"
"Padelprix Lugo","","R. Barbeito María, 6, 3, 27003, Lugo","+34676032759","lugo@padelprix.com","https://padelizados.es/es-es/i/353-padelprix-lugo/","N/A"
"AC PADEL LUGO","","Rúa dos Carros, 59, 27297, Lugo","+34673801000","","https://padelizados.es/es-es/i/809-ac-padel-lugo/","N/A"
"Terra Padel","","Rúa da Terra, 96, 27003, Lugo","+34604016023","","https://padelizados.es/es-es/i/744-terra-padel/","N/A"
"Pádel Lugo","","Polígono Industrial de O Ceao, Rúa da Factoría, 8, 27003, Lugo","+34687917609","","https://padelizados.es/es-es/i/639-padel-lugo/","N/A"
"D10","","Lugar de Mosteiro, 27150, Outeiro de Rei","+34982986035","","https://padelizados.es/es-es/i/143-d10/","N/A"
"Club Pádel Sarria","","poligono morelle, 26, 27600, Sarria","+34655062442","","https://padelizados.es/es-es/i/790-club-padel-sarria/","N/A"
"PadelSpirit Club - Madrid","","Vicálvaro, C. Pirotecnia, 59, 28052, Madrid","+34617217171","info@padelspiritclub.es","https://padelizados.es/es-es/i/59-padelspirit-club-madrid/","N/A"
"Padel Club Usera","","C. del Corindón, 3, 28041, Madrid","+34618805531","padelusera@gmail.com","https://padelizados.es/es-es/i/69-padel-club-usera/","N/A"
"Gimnasio Wellsportclub","","Av. del Dr. Federico Rubio y Galí, 59, 28040, Madrid","","wellsportclub@wellsportclub.com","https://padelizados.es/es-es/i/627-gimnasio-wellsportclub/","N/A"
"indoor paddle planet","","Av. del Sol, 3, 28850, Madrid","+34691711848","","https://padelizados.es/es-es/i/89-indoor-paddle-planet/","N/A"
"Madrid Central Padel","","Calle Boyer, 28, C. de Boyer, 20, 28052, Madrid","+34608884708","recepcion@madridcentralpadel.com","https://padelizados.es/es-es/i/70-madrid-central-padel/","N/A"
"Indie Padel Club","","Av. de la Democracia, 11, 28031, Madrid","+34683293467","info@indiepadelclub.es","https://padelizados.es/es-es/i/57-indie-padel-club/","N/A"
"MOMO by Making Padel","","Azotea Parque Comercial Las Rejas, C. de Navaridas, 9, 28022, Madrid","+34670596725","makingpadel@momosportsclub.com","https://padelizados.es/es-es/i/104-momo-by-making-padel/","N/A"
"Arena Rio Padel","","C. de la Verdad, 20, 28019, Madrid","+34611043923","info@rioarenapadel.com","https://padelizados.es/es-es/i/125-arena-rio-padel/","N/A"
"Vim Padel Indoor","","C. de Agosto, 3, 28022, Madrid","+34918602199","","https://padelizados.es/es-es/i/750-vim-padel-indoor/","N/A"
"Centro deportivo SMP","","C. del Dr. Esquerdo, 64, 66, 28007, Madrid","+34914009737","infodpo@forlopd.es","https://padelizados.es/es-es/i/899-centro-deportivo-smp/","N/A"
"Enjoy! Carabanchel","","C. de Reus, 11, 28044, Madrid","+34915041194","","https://padelizados.es/es-es/i/987-enjoy-carabanchel/","N/A"
"Padel and Tennis Club Fuencarral","","C. del Monasterio de Las Huelgas, 15, 28049, Madrid","+34617481362","info@clubfuencarral.com","https://padelizados.es/es-es/i/109-padel-and-tennis-club-fuencarral/","N/A"
"Club de Campo Villa de Madrid","","Ctra. Castilla, km 2, 28040, Madrid","+34915502010","abonados@ccvm.es","https://padelizados.es/es-es/i/84-club-de-campo-villa-de-madrid/","N/A"
"Pistas de pádel Marqués de Monistrol - Río San Pol","","C. de la Ribera del Manzanares, 1, Bis, 28008, Madrid","+34915413716","","https://padelizados.es/es-es/i/1174-pistas-de-padel-marques-de-monistrol-rio-san-pol/","N/A"
"Ciudad De La Raqueta","","C. del Monasterio de El Paular, 2, 28049, Madrid","+34917297922","entradas@ciudadraqueta.com","https://padelizados.es/es-es/i/54-ciudad-de-la-raqueta/","N/A"
"Club y Escuela de Padel IberiaMart Madrid","","Av. de Brasil, 5, 28020, Madrid","+34915565965","padel@iberiamart.es","https://padelizados.es/es-es/i/380-club-y-escuela-de-padel-iberiamart-madrid/","N/A"
"Club Deportivo Somontes","","Carr Madrid-El Pardo, Km. 3, 400, 28048, Madrid","+34913163434","hola@cdsomontes.com","https://padelizados.es/es-es/i/569-club-deportivo-somontes/","N/A"
"Euroindoor Alcorcón","","C. los Pintores, 7, 28923, Madrid","+34625688323","","https://padelizados.es/es-es/i/598-euroindoor-alcorcon/","N/A"
"FactoryFit Fitness & Padel Club","","C. de Santa Leonor, 52, 28037, Madrid","+34913040291","info@factoryfit.es","https://padelizados.es/es-es/i/1211-factoryfit-fitness-padel-club/","N/A"
"La Masó Sports Club","","C. de La Masó, 34, 28035, Madrid","+34913407196","xxx@xxxxxxxxxxxxxx.es","https://padelizados.es/es-es/i/61-la-maso-sports-club/","N/A"
"Padel Kas","","Calle de Luis I, 56-58, 28031, Madrid","+34626718628","","https://padelizados.es/es-es/i/313-padel-kas/","N/A"
"Padel La Unión","","C. Diego Olivera Victorio, 5, 28031, Madrid","+34659265574","udmelidaolimpia@gmail.com","https://padelizados.es/es-es/i/287-padel-la-union/","N/A"
"Bnfit Padel","","C. del Padre Damián, 26, 28036, Madrid","+34637876198","","https://padelizados.es/es-es/i/360-bnfit-padel/","N/A"
"Paidesport Center La Ermita","","C. de Sepúlveda, 3, 28011, Madrid","+34914700000","","https://padelizados.es/es-es/i/780-paidesport-center-la-ermita/","N/A"
"Padel Madrid Las Tablas","","Av. del Camino de Santiago, 25, 28050, Madrid","+34915456972","somos@lastablassports.club","https://padelizados.es/es-es/i/63-padel-madrid-las-tablas/","N/A"
"Club de Tenis Chamartin","","C/ de Federico Salmón, 4, 28016, Madrid","+34913452500","info@ctchamartin.es","https://padelizados.es/es-es/i/501-club-de-tenis-chamartin/","N/A"
"Cityo - Hortaleza","","C. Vía de los Poblados, 11, 28033, Madrid","+34900645695","ciudadanos@agpd.es","https://padelizados.es/es-es/i/1364-cityo-hortaleza/","N/A"
"Santo Pádel Madrid","","C. los Cavilas, 4, 28052, Madrid","+34609009033","","https://padelizados.es/es-es/i/623-santo-padel-madrid/","N/A"
"Basic Sport Center Las Cruces","","Av. de los Poblados, 72, 28044, Madrid","+34915888600","","https://padelizados.es/es-es/i/728-basic-sport-center-las-cruces/","N/A"
"Tres Olivos","","C. Bella Altisidora, 10, 28034, Madrid","","club3olivos@hotmail.com","https://padelizados.es/es-es/i/459-tres-olivos/","N/A"
"Centro Deportivo Alcalá 525","","Calle Alcalá 525, entrada por calle Iquitos, 28027, Madrid","+34913205028","","https://padelizados.es/es-es/i/493-centro-deportivo-alcala-525/","N/A"
"Club Alameda","","P.º de la Alameda de Osuna, 52, 28042, Madrid","+34917410694","","https://padelizados.es/es-es/i/645-club-alameda/","N/A"
"Centro Deportivo Puente de Praga","","Av del Manzanares, s/n, 28019, Madrid","+34639266737","","https://padelizados.es/es-es/i/488-centro-deportivo-puente-de-praga/","N/A"
"Forus Caja Mágica","","Cmo. de Perales, s/n, 28041, Madrid","+34917127997","infocajamagica@forus.es","https://padelizados.es/es-es/i/611-forus-caja-magica/","N/A"
"Reserva Tu Padel","","28045, Madrid","+34669015702","info@reservatupadel.es","https://padelizados.es/es-es/i/1196-reserva-tu-padel/","N/A"
"Franco monitor pádel","","C. de la Sierra de Atapuerca, 50, 28050, Madrid","+34634805131","","https://padelizados.es/es-es/i/806-franco-monitor-padel/","N/A"
"Cristalia Club Padel","","Vía de los Poblados, 3, 28033, Madrid","+34911731932","info@padelcristalia.com","https://padelizados.es/es-es/i/507-cristalia-club-padel/","N/A"
"Centro Deportivo Municipal Francisco Fernández Ochoa","","C. Catorce Olivas, 1, 28054, Madrid","+34915883731","","https://padelizados.es/es-es/i/677-centro-deportivo-municipal-francisco-fernandez-ochoa/","N/A"
"Centro Deportivo Cultural Delicias","","Paseo de las Delicias, 61, 28045, Madrid","+34680647070","info@centrodelicias.org","https://padelizados.es/es-es/i/617-centro-deportivo-cultural-delicias/","N/A"
"Don Bosco Pádel","","Rda. Don Bosco, 3, 28044, Madrid","+34607147653","","https://padelizados.es/es-es/i/1356-don-bosco-padel/","N/A"
"Padel 3 Olivos","","C. de la Cueva de Montesinos, 76, 28034, Madrid","+34917353745","club3olivos@hotmail.com","https://padelizados.es/es-es/i/1341-padel-3-olivos/","N/A"
"Padel Club Teypasport","","Av. de las Piceas, 13, 28043, Madrid","+34654599259","info@teypasport.com","https://padelizados.es/es-es/i/811-padel-club-teypasport/","N/A"
"Padel Pastrana","","Polideportivo, Pl. del Duque de Pastrana, 5, 28036, Madrid","+34673351587","info@padelpastrana.com","https://padelizados.es/es-es/i/800-padel-pastrana/","N/A"
"(ENTRADA PEATONAL) Nexus Padel Villaverde","","P.º Talleres, 1, 28021, Madrid","+34694229926","","https://padelizados.es/es-es/i/893-entrada-peatonal-nexus-padel-villaverde/","N/A"
"Frontón Pirámides","","P.º de las Yeserías, 3-5, 28005, Madrid","","","https://padelizados.es/es-es/i/1478-fronton-piramides/","N/A"
"Davelpadel","","C. Eje 8, 28053, Madrid","+34600714876","","https://padelizados.es/es-es/i/1034-davelpadel/","N/A"
"Escuela de Padel Y Tenis. CD RAQUETAS VILLA DE VALLECAS","","C. de Cordel de Pavones, 100Q, 28032, Madrid","+34645962233","","https://padelizados.es/es-es/i/965-escuela-de-padel-y-tenis--cd-raquetas-villa-de-vallecas/","N/A"
"Homepadelmadrid, Clases De Padel A Domicilio","","C. de Joaquín Lorenzo, 38, 28035, Madrid","+34607641640","info@homepadelmadrid.com","https://padelizados.es/es-es/i/988-homepadelmadrid-clases-de-padel-a-domicilio/","N/A"
"Pistas de pádel Puerta de Hierro","","Ctra. el Pardo a la Playa, Madrid","+34913867358","","https://padelizados.es/es-es/i/1498-pistas-de-padel-puerta-de-hierro/","N/A"
"Tennis Studio Couder","","C. de Torreadrada, 7, 28023, Madrid","+34913070250","info@agpd.es","https://padelizados.es/es-es/i/1551-tennis-studio-couder/","N/A"
"PrivaPadel","","C/ de María de Maeztu, 36, 28049, Madrid","+34611002526","contacto@privapadel.com","https://padelizados.es/es-es/i/1114-privapadel/","N/A"
"Pistas de Pádel CTM","","C. Eje 8, 17, 28053, Madrid","+34600714876","ctm@ctm-madrid.com","https://padelizados.es/es-es/i/1466-pistas-de-padel-ctm/","N/A"
"World Padel Trainers","","C. Moncayo, 3, 28221, Madrid","+34608723085","","https://padelizados.es/es-es/i/1564-world-padel-trainers/","N/A"
"Pistas de pádel Parque de Santander","","Av. de Pablo Iglesias, 6, 28003, Madrid","","","https://padelizados.es/es-es/i/1574-pistas-de-padel-parque-de-santander/","N/A"
"Dx Pádel Carabanchel","","C. de Cazalegas, 28025, Madrid","+34635142961","","https://padelizados.es/es-es/i/1091-dx-padel-carabanchel/","N/A"
"Club de pádel Occidental","","C. de Baeza, 28300, Madrid","+34693366109","padeloccidental@opsgestion.com","https://padelizados.es/es-es/i/1014-club-de-padel-occidental/","N/A"
"Padel Madrid","","C. de Castiello de Jaca, 28050, Madrid","","","https://padelizados.es/es-es/i/1045-padel-madrid/","N/A"
"Pistas de pádel","","Av. de Brasilia, 27, 28028, Madrid","+34611177515","","https://padelizados.es/es-es/i/1590-pistas-de-padel/","N/A"
"Sime Sports: Mantenimiento de piscinas, pistas de padel, gimnasios.","","C. de las Camelias, 14, 28042, Madrid","+34635536031","info@simesports.es","https://padelizados.es/es-es/i/1603-sime-sports-mantenimiento-de-piscinas-pistas-de-padel-gimnasios/","N/A"
"Padel School","","C. de la Riviera, 4, 28030, Madrid","+34659595712","","https://padelizados.es/es-es/i/1053-padel-school/","N/A"
"addpadel","","C. del Monasterio de las Batuecas, 13, 28049, Madrid","+34635549595","info@addpadel.com","https://padelizados.es/es-es/i/1469-addpadel/","N/A"
"Vals Sport Churriana","","C. Maestro Tomás Bretón, 35, 29140, Málaga","+34952622262","","https://padelizados.es/es-es/i/573-vals-sport-churriana/","N/A"
"Escuela mmpadel","","C. de Alfredo Corrochano, 9, 29006, Málaga","+34608459691","","https://padelizados.es/es-es/i/232-escuela-mmpadel/","N/A"
"Finura Padel & Gym","","Pol. Ind. Villarosa, C. Pascal, 20, 29004, Málaga","+34682453827","","https://padelizados.es/es-es/i/170-finura-padel-gym/","N/A"
"Vals Sport Teatinos","","C. Mesonero Romanos, 11, 29010, Málaga","+34952003303","","https://padelizados.es/es-es/i/582-vals-sport-teatinos/","N/A"
"Vals Sport Ave María","","Av de Sor Teresa Prat, 53, 29003, Málaga","+34951464294","","https://padelizados.es/es-es/i/717-vals-sport-ave-maria/","N/A"
"Miraflores Tennis Club","","C. Juliana, 29649, Málaga","+34952932006","miraflorestennisclub@gmail.com","https://padelizados.es/es-es/i/197-miraflores-tennis-club/","N/A"
"Fantasy Padel SL","","C. Caballito de Mar, 10, 29006, Málaga","+34630464503","","https://padelizados.es/es-es/i/150-fantasy-padel-sl/","N/A"
"Club Deportivo León 13","","C. Miguel Sel Gómez de la Cruz, 2, 29018, Málaga","+34951204132","info@clubdeportivoleon13.es","https://padelizados.es/es-es/i/135-club-deportivo-leon-13/","N/A"
"GM Padel","","C. Bodegueros, 42, 29006, Málaga","+34645855777","","https://padelizados.es/es-es/i/976-gm-padel/","N/A"
"Padel Málaga Indoor","","C. de Alfredo Corrochano, 9, 29006, Málaga","+34673283945","","https://padelizados.es/es-es/i/189-padel-malaga-indoor/","N/A"
"NEXXO CLUB - Salud Y Entrenamientos Personalizados.","","C. Bodegueros, 28, 29006, Málaga","+34648024119","","https://padelizados.es/es-es/i/377-nexxo-club-salud-y-entrenamientos-personalizados/","N/A"
"Oxygen Sports Club","","C. de Marie Curie, 26, 32, 29590, Málaga","+34951100909","info@oxygen-sportsclub.com","https://padelizados.es/es-es/i/884-oxygen-sports-club/","N/A"
"Club de pádel Miraflores","","Calle de, C. Francisco Guillón, 11, 29018, Málaga","+34679079160","info@sportmiraflores.com","https://padelizados.es/es-es/i/292-club-de-padel-miraflores/","N/A"
"Hostal y Club de Pádel El Manantial","","Cam. del Orozco, 23, 29190, Málaga","+34660202883","","https://padelizados.es/es-es/i/764-hostal-y-club-de-padel-el-manantial/","N/A"
"Padel 4 La Mirada","","a Campanillas, C. Tr.ª de Maqueda, s/n, 29591, Málaga","+34647847065","","https://padelizados.es/es-es/i/407-padel-4-la-mirada/","N/A"
"Enjoy! San José","","C. Argentea, 13, 29007, Málaga","+34951267585","","https://padelizados.es/es-es/i/1315-enjoy-san-jose/","N/A"
"Campamento de Verano Vals Sport Ave María","","Av de Sor Teresa Prat, 53, 29003, Málaga","+34951464294","recepcionconsul@valssport.com","https://padelizados.es/es-es/i/1295-campamento-de-verano-vals-sport-ave-maria/","N/A"
"MindsetPadel Academy","","C. de Alfredo Corrochano, 9, 29006, Málaga","+34677343993","info@mindsetpadel.com","https://padelizados.es/es-es/i/826-mindsetpadel-academy/","N/A"
"Centro Deportivo Fili Pinos del Limonar","","C. de la Era, 27, 29016, Málaga","+34952600124","atencionalcliente@pinosdellimonar.com","https://padelizados.es/es-es/i/1255-centro-deportivo-fili-pinos-del-limonar/","N/A"
"Inacua Málaga","","C. Marilyn Monroe, 8, 29004, Málaga","+34952000507","","https://padelizados.es/es-es/i/616-inacua-malaga/","N/A"
"Ático Pádel Torremolinos","","Camino club de tenis, 4, 29140, Málaga","+34646274360","","https://padelizados.es/es-es/i/831-atico-padel-torremolinos/","N/A"
"Hilera Pádel Club","","C. Hilera, 18, 29007, Málaga","+34744623683","","https://padelizados.es/es-es/i/1334-hilera-padel-club/","N/A"
"Padel Sport Málaga","","C. Caballito de Mar, 8, 29006, Málaga","+34630464503","","https://padelizados.es/es-es/i/1050-padel-sport-malaga/","N/A"
"Padel Federation Melillense","","P.º de las Conchas, 17, 52006, Melilla","+34952695897","info@padelmelilla.com","https://padelizados.es/es-es/i/828-padel-federation-melillense/","N/A"
"Área de Servicio Agetrans 24h","","Autovia del mediterraneo k609, 30830, Murcia","+34600732036","","https://padelizados.es/es-es/i/963-area-de-servicio-agetrans-24h/","N/A"
"Club Padel Brothers","","Av. Mariano Rojas, 9, 30006, Puente Tocinos","+34661649102","","https://padelizados.es/es-es/i/145-club-padel-brothers/","N/A"
"Atrium Padel","","Av. de Alicante, 241, 30007, Murcia","+34667596872","","https://padelizados.es/es-es/i/132-atrium-padel/","N/A"
"Sport Joven Futura","","C. Escritor Francisco Alemán Sainz, 1, 30100, Murcia","+34631698079","","https://padelizados.es/es-es/i/206-sport-joven-futura/","N/A"
"More Than Padel","","Carril del Cebadero, 6, 30012, Murcia","+34681391637","","https://padelizados.es/es-es/i/255-more-than-padel/","N/A"
"M2 PADEL INDOOR","","Av. José Bautista Frutos, 8, 30100, Murcia","+34685836795","","https://padelizados.es/es-es/i/379-m2-padel-indoor/","N/A"
"Centro Deportivo Verdolay","","Av. del Verdolay, 2, 30150, Murcia","+34868914847","info@cdverdolay.es","https://padelizados.es/es-es/i/393-centro-deportivo-verdolay/","N/A"
"Cobatillas pádel sport","","C. Bolos, 12, 30163, Murcia","+34618348525","cobatillaspadelsport@gmail.com","https://padelizados.es/es-es/i/338-cobatillas-padel-sport/","N/A"
"Club Deportivo Montepinar","","Av. Picos de Europa, 25, 30163, Murcia","+34652402201","","https://padelizados.es/es-es/i/386-club-deportivo-montepinar/","N/A"
"Club de Padel Nueva Flota","","C. Cuatro Caminos, 19, 30007, Fuente Álamo de Murcia","+34656955661","info@clubdepadelnuevaflota.com","https://padelizados.es/es-es/i/420-club-de-padel-nueva-flota/","N/A"
"MOON PADEL INDOOR","","Av. de Era Alta, 21, 30166, Murcia","+34621288635","","https://padelizados.es/es-es/i/1260-moon-padel-indoor/","N/A"
"Montepríncipe Sport Center","","Av. de los Poetas, 30506, Murcia","+34623496777","info@monteprincipesportcenter.com","https://padelizados.es/es-es/i/1345-monteprincipe-sport-center/","N/A"
"Club MontePadel","","C. Cronista Carlos Valcárcel, 30150, Murcia","+34623924998","","https://padelizados.es/es-es/i/821-club-montepadel/","N/A"
"Pádel Norte Espinardo","","C. Monseñor José Manuel Lorca, 37, 30100, Murcia","+34968437445","","https://padelizados.es/es-es/i/825-padel-norte-espinardo/","N/A"
"Del Puerto Padel Club","","Cmo de los Valencianos, 30890, Murcia","+34693063713","","https://padelizados.es/es-es/i/984-del-puerto-padel-club/","N/A"
"Padelprix Ourense","","Rúa 3, 4, 32901, Ourense","+34600493800","info@padelprix.com","https://padelizados.es/es-es/i/266-padelprix-ourense/","N/A"
"Padelprix La Finca","","Rúa Antonio Sequeiros Glez, 5, 32900, Ourense","+34600493800","info@padelprix.com","https://padelizados.es/es-es/i/373-padelprix-la-finca/","N/A"
"P21 Padel Club","","Camiño Coinas Cudeiro, 13, Pol. Ind, 32001, Ourense","+34988374978","","https://padelizados.es/es-es/i/506-p21-padel-club/","N/A"
"M4 Padel Pro","","Rúa 13, 38, 32901, Ourense","+34625411444","","https://padelizados.es/es-es/i/1020-m4-padel-pro/","N/A"
"Club Santo Domingo","","A Derrasa s/n, 32792, O Pereiro de Aguiar","+34988380043","","https://padelizados.es/es-es/i/438-club-santo-domingo/","N/A"
"LEMOS PADEL","","POL. IND, REBOREDO, 25, 27400, Monforte de Lemos","+34982006632","lemospadel@lemospadel.com","https://padelizados.es/es-es/i/827-lemos-padel/","N/A"
"Club Fluvial Monforte","","Rúa do Caneiro, 27400, Monforte de Lemos","+34982401818","","https://padelizados.es/es-es/i/1262-club-fluvial-monforte/","N/A"
"El Soho Pádel","","C. Calderón de la Barca, 2, 14, 33012, Oviedo","+34684639178","","https://padelizados.es/es-es/i/236-el-soho-padel/","N/A"
"Pádel Oviedo","","C. Perez Galdos, 6, 33012, Oviedo","+34690984662","hola@padeloviedo.com","https://padelizados.es/es-es/i/311-padel-oviedo/","N/A"
"Pistas de Tenis y Padel del Parque del Oeste","","Calle Antón Sanchez, s/n, 33013, Oviedo","+34985273721","tenis@oviedo.es","https://padelizados.es/es-es/i/1206-pistas-de-tenis-y-padel-del-parque-del-oeste/","N/A"
"Cover Pádel Olloniego","","Pol. Ind. Olloniego, 50, 33660, Oviedo","+34608379337","info@coverpadel.es","https://padelizados.es/es-es/i/609-cover-padel-olloniego/","N/A"
"Escuela de Pádel Carlos Pozo","","C. Levante, 12, 34004, Palencia","+34613567350","","https://padelizados.es/es-es/i/892-escuela-de-padel-carlos-pozo/","N/A"
"P90 Sport Center","","C. Vizcaya, 2, 34004, Palencia","+34608410444","p90@hotmail.es","https://padelizados.es/es-es/i/664-p90-sport-center/","N/A"
"Padel Blue","","C. Levante, 12, 34004, Palencia","+34608410444","p90@hotmail.es","https://padelizados.es/es-es/i/862-padel-blue/","N/A"
"TODOPADEL","","Pol. Ind., 264, 34200, Venta de Baños","+34979770092","p90@hotmail.es","https://padelizados.es/es-es/i/680-todopadel/","N/A"
"Palma Racket Club","","Carrer de Galícia, 7, 07013, Palma de Mallorca","+34971736319","info@palmaracketclub.es","https://padelizados.es/es-es/i/105-palma-racket-club/","N/A"
"Pins Pàdel Club","","Calle Lluis Ferbal, 7, 07014, Palma de Mallorca","+34971450574","info@pinspadelclub.es","https://padelizados.es/es-es/i/121-pins-padel-club/","N/A"
"Freedom Wellness Club","","Carrer Gerani, 21, 07141, Palma de Mallorca","+34971008008","info@grupofreedom.es","https://padelizados.es/es-es/i/714-freedom-wellness-club/","N/A"
"Palma Padel","","Carrer de Castellà la Manxa, 6, 07013, Palma de Mallorca","+34971254730","info@palmapadel.es","https://padelizados.es/es-es/i/735-palma-padel/","N/A"
"Udyr Sport","","Carrer de Son Bessó, 15, 07120, Palma de Mallorca","+34637593691","udyrsport@gmail.com","https://padelizados.es/es-es/i/118-udyr-sport/","N/A"
"CampusEsport","","Carr. de Valldemossa, km 7, 5, 07120, Palma de Mallorca","+34971172554","dpo@fueib.org","https://padelizados.es/es-es/i/711-campusesport/","N/A"
"Padel Factory Son Castelló","","Carrer Gremi Teixidors, 3, 07009, Palma de Mallorca","+34971432305","carlos@padelfactory.es","https://padelizados.es/es-es/i/168-padel-factory-son-castello/","N/A"
"Padel Club Mallorca","","Carrer George Sand, 4, 07007, Palma de Mallorca","+34669599012","","https://padelizados.es/es-es/i/383-padel-club-mallorca/","N/A"
"Tenis y Pádel Son Rigo","","Carrer de la Mar del Japó, 2, 07610, Palma de Mallorca","+34670655346","","https://padelizados.es/es-es/i/1207-tenis-y-padel-son-rigo/","N/A"
"DUIN Portitxol","","Carrer Cuba, 7, 07006, Palma de Mallorca","+34971270210","info@duinclub.com","https://padelizados.es/es-es/i/684-duin-portitxol/","N/A"
"Carol Rojas clases particulares de pádel y tenis","","Carrer de Son Bessó, 15, 07120, Palma de Mallorca","+34649135334","","https://padelizados.es/es-es/i/815-carol-rojas-clases-particulares-de-padel-y-tenis/","N/A"
"Poliesportiu La Salle Palma","","Camí de Son Rapinya, 29, 07013, Palma de Mallorca","+34971606382","","https://padelizados.es/es-es/i/1195-poliesportiu-la-salle-palma/","N/A"
"Pádel Portitxol - Club de Pádel","","Carrer Cuba, 9, 07006, Palma de Mallorca","+34682051303","info@padelportitxol.com","https://padelizados.es/es-es/i/522-padel-portitxol-club-de-padel/","N/A"
"Mallorca Padel Indoor","","Carrer Gremi Velluters, 19, 07009, Palma de Mallorca","+34971678900","","https://padelizados.es/es-es/i/585-mallorca-padel-indoor/","N/A"
"Padel Sa Cabana","","Carrer de sa Sol·lera, 2, 07141, Palma de Mallorca","+34971794166","","https://padelizados.es/es-es/i/413-padel-sa-cabana/","N/A"
"Padelmon Palmanyola Sa Font Seca","","Carrer Puig de Galatzo, 07193, Palma de Mallorca","+34666369952","","https://padelizados.es/es-es/i/504-padelmon-palmanyola-sa-font-seca/","N/A"
"Padel Indoor La Porciúncula","","Camí del Palmer, 16, 07600, Palma de Mallorca","+34722634271","","https://padelizados.es/es-es/i/960-padel-indoor-la-porciuncula/","N/A"
"PÀDEL CLUB U36","","Carrer d'Andalusia, 07013, Palma de Mallorca","+34695543659","padelclubu36@hotmail.com","https://padelizados.es/es-es/i/513-padel-club-u36/","N/A"
"Fit Point | Pádel","","Polígono de, Son Morro, Carrer Son Morro, 10, 07007, Palma de Mallorca","+34971127520","padel@fitpoint.es","https://padelizados.es/es-es/i/526-fit-point-padel/","N/A"
"Carol Foresti Pádel Trainer","","Avinguda de Joan Miró, 138, 07015, Palma de Mallorca","+34633877266","carolforesti@gmail.com","https://padelizados.es/es-es/i/1437-carol-foresti-padel-trainer/","N/A"
"Césped artificial Baleares","","Camí de Muntanya, 7, 07141, Palma de Mallorca","+34648547343","info@cespedartificialbaleares.es","https://padelizados.es/es-es/i/1442-cesped-artificial-baleares/","N/A"
"TM Tenis y Padel Palma","","Carrer de Bartomeu Xamena, s/n, 07610, Palma de Mallorca","+34605492649","20info@tmtenisypadelpalma.es","https://padelizados.es/es-es/i/993-tm-tenis-y-padel-palma/","N/A"
"Padel La Salle","","Camí de Son Rapinya, 29, 07013, Palma de Mallorca","+34658883610","","https://padelizados.es/es-es/i/836-padel-la-salle/","N/A"
"Pàdel Son Valentí","","Carrer de la Maquinària, 13, 07011, Palma de Mallorca","+34699636875","","https://padelizados.es/es-es/i/779-padel-son-valenti/","N/A"
"tenis y padel palmanyola","","Avinguda de les Dàlies, 35, 07193, Palma de Mallorca","+34971617999","","https://padelizados.es/es-es/i/833-tenis-y-padel-palmanyola/","N/A"
"A2 Sports Padel Mallorca","","Castilla La Mancha, 6, 07011, Palma de Mallorca","+34649799699","contacto@a2sportspadel.com","https://padelizados.es/es-es/i/903-a2-sports-padel-mallorca/","N/A"
"The Academy Softee Pádel","","Carrer de Joan Coromines, 30, 07141, Palma de Mallorca","+34611170478","","https://padelizados.es/es-es/i/974-the-academy-softee-padel/","N/A"
"Pista de Pàdel i Bàsquet","","07181, Palma de Mallorca","","","https://padelizados.es/es-es/i/1485-pista-de-padel-i-basquet/","N/A"
"Padeltys Academia","","KM5,2, Camí Vell de Bunyola, 07009, Palma de Mallorca","+34653186090","","https://padelizados.es/es-es/i/1619-padeltys-academia/","N/A"
"Etxabakoitz Udal Kiroldegia","","C. de San Raimundo, s/n, 31009, Pamplona","+34948251073","dpo@gfmservicios.com","https://padelizados.es/es-es/i/978-etxabakoitz-udal-kiroldegia/","N/A"
"ONPADELCLUB","","Calle a, Nave 33, 31192, Pamplona","+34621426362","info@onpadelclub.es","https://padelizados.es/es-es/i/589-onpadelclub/","N/A"
"Navarra Padel","","C. Cam. de Labiano, 49, 31191, Pamplona","+34948104545","info@navarrapadel.com","https://padelizados.es/es-es/i/283-navarra-padel/","N/A"
"IMPACT PADEL SPORT","","Calle G, 43, 31191, Pamplona","+34638870412","","https://padelizados.es/es-es/i/463-impact-padel-sport/","N/A"
"Tray Padel Club","","Calle a, 66, 31192, Pamplona","+34948233117","info@labandejapadel.com","https://padelizados.es/es-es/i/484-tray-padel-club/","N/A"
"Pegaso Pádel Club","","Polígono Iturrondo, 17, 31600, Burlada / Burlata","+34630579957","","https://padelizados.es/es-es/i/1538-pegaso-padel-club/","N/A"
"On Padel club","","Pol. nº, Calle a, 33, 31192, Mutilva","+34621426362","info@onpadelclub.es","https://padelizados.es/es-es/i/529-on-padel-club/","N/A"
"Pablo Semprún Sport Center","","C. Intxaurdia, 5, 31620, Valle de Egüés / Eguesibar","+34615625378","olgam@optimasportmedia.com","https://padelizados.es/es-es/i/568-pablo-semprun-sport-center/","N/A"
"Pádel Reyno de Navarra","","C. E, 1, 31191, Beriáin","+34623377939","","https://padelizados.es/es-es/i/259-padel-reyno-de-navarra/","N/A"
"Sangüesa Padel","","Pol. Ind. de Rocaforte, A3, 31400, Aranguren","","youraddress@mail.com","https://padelizados.es/es-es/i/1569-sanguesa-padel/","N/A"
"Ipadel Fitness | Sport Club","","Avenida de Puxeiros, 86, 36416, Pontevedra","+34676565367","info@ipadelfitness.es","https://padelizados.es/es-es/i/93-ipadel-fitness-sport-club/","N/A"
"School Pádel Pontevedra","","Rúa Irlanda, 2, 36162, Pontevedra","+34692650223","Schoopadelpontevedra@outlook.com","https://padelizados.es/es-es/i/405-school-padel-pontevedra/","N/A"
"Padel Bao","","36005, Pontevedra","+34607563236","","https://padelizados.es/es-es/i/1192-padel-bao/","N/A"
"Club de Tenis e Pádel O Rial","","Rúa do Carballo, s/n, 36629, Pontevedra","+34986505198","info@clubtenisrial.com","https://padelizados.es/es-es/i/579-club-de-tenis-e-padel-o-rial/","N/A"
"Club De Tenis Pontevedra","","Rúa Illa de San Simón, 7, 36163, Pontevedra","+34986872999","escueladetenis@clubdetenispontevedra.es","https://padelizados.es/es-es/i/1252-club-de-tenis-pontevedra/","N/A"
"Pistas de pádel de Soutomaior","","EP-2908, 36, 36691, Soutomaior","+34986700964","","https://padelizados.es/es-es/i/1627-pistas-de-padel-de-soutomaior/","N/A"
"SETE PIAS PADEL","","Sete Pias, Poligono industrial, Rúa Concepción Arenal, 6, 36635, Cambados","+34621406071","","https://padelizados.es/es-es/i/1084-sete-pias-padel/","N/A"
"Pistas de pádel de Redondela","","36800, Redondela","","","https://padelizados.es/es-es/i/1399-pistas-de-padel-de-redondela/","N/A"
"Pádel Morrazo","","Polígono Industrial de, Av. Castiñeiras, Parcela 7, 36939, Bueu","+34610718721","","https://padelizados.es/es-es/i/1505-padel-morrazo/","N/A"
"Nave Pádel Cangas","","Rúa Estrada da Magdalena, 110, 36949, Cangas","+34644105557","","https://padelizados.es/es-es/i/1490-nave-padel-cangas/","N/A"
"Padel Villagarcía","","Rúa Patiño, 24, 36613, Vilagarcía de Arousa","","","https://padelizados.es/es-es/i/626-padel-villagarcia/","N/A"
"Máis que Auga","","Rúa Urania Mella Serrano, s/n, 36205, Vigo","+34986407245","","https://padelizados.es/es-es/i/742-mais-que-auga/","N/A"
"Win Pádel Club","","Av. da Ponte, 80, 36215, Vigo","+34609780731","","https://padelizados.es/es-es/i/658-win-padel-club/","N/A"
"Vigo Padel","","Estrada Ponte Segade-Sárdoma, 29, 36214, Vigo","+34986093543","","https://padelizados.es/es-es/i/466-vigo-padel/","N/A"
"Padel Stop","","Cam. Devesa, 1, 36214, Vigo","+34986425192","","https://padelizados.es/es-es/i/499-padel-stop/","N/A"
"Twelve Padel Zenter Vigo","","Estrada Fragosiño, 30, 36214, Vigo","+34986841797","12padelzenter@gmail.com","https://padelizados.es/es-es/i/180-twelve-padel-zenter-vigo/","N/A"
"Saquesport","","Camiño da Igrexa, 39, 36416, Vigo","+34609100819","pedidos@saquesport.es","https://padelizados.es/es-es/i/1621-saquesport/","N/A"
"Podium Win","","Av. da Florida, 159, BAJO, 36210, Vigo","+34986247466","","https://padelizados.es/es-es/i/1421-podium-win/","N/A"
"Rec Padel","","Cño. do Caramuxo, 52, 36213, Vigo","+34986632499","recfitnesspadel@gmail.com","https://padelizados.es/es-es/i/673-rec-padel/","N/A"
"CASTELO PADEL CLUB SPORT&FOOD","","N-120, KM 637, 36879, Salceda de Caselas","+34627209476","","https://padelizados.es/es-es/i/881-castelo-padel-club-sportfood/","N/A"
"Complexo Deportivo Álvaro Pino","","Rúa Real, 1, 36860, Ponteareas","+34986644757","info@complejodeportivoalvaropino.com","https://padelizados.es/es-es/i/791-complexo-deportivo-alvaro-pino/","N/A"
"Estrada Padel","","Rúa Figueroa de Arriba, nº 51, 36680, A Estrada","+34666351597","","https://padelizados.es/es-es/i/1312-estrada-padel/","N/A"
"Boiropadel","","Polígono Industrial de Espiñeira, Parcela 18, 15930, Boiro","+34680635184","info@boiropadel.com","https://padelizados.es/es-es/i/1275-boiropadel/","N/A"
"Ureca Padel Club","","Rúa Manuel Lemos, 124, 36379, Nigrán","+34986367860","oficina@ureca.es","https://padelizados.es/es-es/i/1111-ureca-padel-club/","N/A"
"DEZA PADEL CENTER","","Polígono Area 33 de Silleda, Rua Vial, 2, 36543, Silleda","+34665820310","","https://padelizados.es/es-es/i/1269-deza-padel-center/","N/A"
"Campo de Tiro y Deportes de Salamanca","","C/ Joaquín Rodrigo, 49, 37008, Salamanca","+34633072684","info@campotiro.es","https://padelizados.es/es-es/i/877-campo-de-tiro-y-deportes-de-salamanca/","N/A"
"Enjoy! Aldehuela - Ciudad Deportiva Aldehuela","","Av. de la Aldehuela, S/N, 37003, Salamanca","+34923090518","","https://padelizados.es/es-es/i/663-enjoy-aldehuela-ciudad-deportiva-aldehuela/","N/A"
"Padelhome","","AVENIDA RIO TORMES, Ctra. a Vega de Salamanca, 5, 37185, Salamanca","+34636287355","","https://padelizados.es/es-es/i/372-padelhome/","N/A"
"Padel Palace - Salamanca","","Calz. Toro, 23, 37184, Villares de la Reina","+34923204118","","https://padelizados.es/es-es/i/453-padel-palace-salamanca/","N/A"
"Padel You","","C. Conde Orgaz, s/n, 37005, Salamanca","+34645001110","","https://padelizados.es/es-es/i/514-padel-you/","N/A"
"Pádel Charro","","Av. de Lasalle, 173, 37008, Salamanca","+34672525925","","https://padelizados.es/es-es/i/1086-padel-charro/","N/A"
"CEP pádel","","C. Juan de la Cierva, 4, 37188, Carbajosa de la Sagrada","+34675937572","","https://padelizados.es/es-es/i/1430-cep-padel/","N/A"
"Club Padel Time","","C. de Francisco Bonet, 4, 37188, Carbajosa de la Sagrada","+34620422105","","https://padelizados.es/es-es/i/553-club-padel-time/","N/A"
"Catedral Pádel Club S.L.","","???? catedralpadelclub@gmail.com, ☎️ +34 634 343 705, C. Primera, 41, 37188, Carbajosa de la Sagrada","+34634343705","catedralpadelclub@gmail.com","https://padelizados.es/es-es/i/419-catedral-padel-club-s-l/","N/A"
"Club Pádel El Viñal","","Urb. Almacenes, C/ Duero, 8, Sector A1, 37184, Villares de la Reina","+34923228534","padelelvinal@gmail.com","https://padelizados.es/es-es/i/517-club-padel-el-vinal/","N/A"
"Padel Master School","","C. Vertical 8a, 17, 37188, Carbajosa de la Sagrada","","","https://padelizados.es/es-es/i/1041-padel-master-school/","N/A"
"Pádel Indoor Salamanca","","C. Vertical 8a, nº17, 37188, Carbajosa de la Sagrada","+34600456768","direcciondeportivavictor@gmail.com","https://padelizados.es/es-es/i/231-padel-indoor-salamanca/","N/A"
"Centro Deportivo Moriscos - Cabrerizos Tennis Club","","C. Villares, 14, 37430, Moriscos","","","https://padelizados.es/es-es/i/1369-centro-deportivo-moriscos-cabrerizos-tennis-club/","N/A"
"Centro Deportivo Supera Santander","","C. Castilla, 64, 39009, Santander","+34942348200","santander@centrosupera.com","https://padelizados.es/es-es/i/1093-centro-deportivo-supera-santander/","N/A"
"Move&Go Santander","","C. Autonomía, 2, 39012, Santander","+34942391535","","https://padelizados.es/es-es/i/295-movego-santander/","N/A"
"Club de Tenis Monteverde","","C. Tristana, 21, A, 39012, Santander","+34942332530","recepcion@clubdepadelytenismonteverde.com","https://padelizados.es/es-es/i/317-club-de-tenis-monteverde/","N/A"
"Futsa Meres","","Ctra. Oviedo, Km. 7.5, 33199, Santander","+34985794578","info@futsameres.com","https://padelizados.es/es-es/i/284-futsa-meres/","N/A"
"AS Pádel Club","","CL-607, 13, 40196, Segovia","+34667073377","aspadelescuela@gmail.com","https://padelizados.es/es-es/i/736-as-padel-club/","N/A"
"PÁDEL FACTORY","","C. los Gremios Segovianos, 3, 40195, Segovia","+34673918832","","https://padelizados.es/es-es/i/544-padel-factory/","N/A"
"Espacio tierra","","40196, La Lastrilla","+34921525058","info@espaciotierra.es","https://padelizados.es/es-es/i/498-espacio-tierra/","N/A"
"PADDLE CLUB FOUR INDOOR","","C. Ciprés, 206, 40140, Valverde del Majano","+34620516040","info@padelfour.com","https://padelizados.es/es-es/i/1204-paddle-club-four-indoor/","N/A"
"Peñalara Pádel","","C. Prta del Campo, 40100, Real Sitio de San Ildefonso","+34921470118","","https://padelizados.es/es-es/i/657-penalara-padel/","N/A"
"Ciudad Deportiva Wanda","","Otero de Herreros,Segovia, 40424, Los Ángeles de San Rafael","+34921195800","","https://padelizados.es/es-es/i/1384-ciudad-deportiva-wanda/","N/A"
"Club de pádel PyT Collado Mediano","","P.º de los Rosales, 61, 28450, Collado Mediano","+34918598845","starvie@starvie.com","https://padelizados.es/es-es/i/693-club-de-padel-pyt-collado-mediano/","N/A"
"Club de Pádel PPT","","P.º la Alameda, 39, 28440, Guadarrama","+34682490082","contacto@padelwarrior.es","https://padelizados.es/es-es/i/721-club-de-padel-ppt/","N/A"
"Palas club padel","","C. Granito, 12, 28412, Cerceda","+34695217987","","https://padelizados.es/es-es/i/1230-palas-club-padel/","N/A"
"PADEL INDOOR CERCEDA","","Calle Granito nº1, Poligono Industrial Puente Madrid, 28412, Cerceda","+34918529176","","https://padelizados.es/es-es/i/1016-padel-indoor-cerceda/","N/A"
"Club de Tenis Guadarrama","","C. Olimpia, 1, 28440, Guadarrama","+34617334149","","https://padelizados.es/es-es/i/1288-club-de-tenis-guadarrama/","N/A"
"Padel Seasons","","Cam. de Alpedrete, 58, 28411, Moralzarzal","+34683353007","","https://padelizados.es/es-es/i/1523-padel-seasons/","N/A"
"Piscina municipal de Gargantilla del Lozoya y Pinilla de Buitrago","","Gargantilla del Lozoya y Pinilla de Buitrago C/ Pino, 54, 28739, San Agustín de Guadalix","+34918695013","blanca@aguastranquilas.com","https://padelizados.es/es-es/i/1461-piscina-municipal-de-gargantilla-del-lozoya-y-pinilla-de-buitrago/","N/A"
"Restaurante Solycampo S.L","","C. Peralejo, s/n, 28792, Miraflores de la Sierra","+34918443751","20info@solycampo.es","https://padelizados.es/es-es/i/112-restaurante-solycampo-s-l/","N/A"
"IGM Academy","","C. Mirador del Moncayo, 28400, Collado Villalba","+34648103816","info@igmacademy.es","https://padelizados.es/es-es/i/985-igm-academy/","N/A"
"Club Tenis y Padel Soto del Real","","C. Egidillo, 28791, Soto del Real","+34665600847","","https://padelizados.es/es-es/i/819-club-tenis-y-padel-soto-del-real/","N/A"
"Bee Padel (C/Bronce)","","Calle Bronce, 4, C. del Oro, 8, 28770, Colmenar Viejo","+34639447174","","https://padelizados.es/es-es/i/1101-bee-padel-cbronce/","N/A"
"The fourth set Padel Indoor","","Polígono Industrial Sur, C. del Oro, 22, 28770, Colmenar Viejo","+34608749373","info@elcuartoset.com","https://padelizados.es/es-es/i/1054-the-fourth-set-padel-indoor/","N/A"
"Sevilla Padel Experience","","Cardenal Bueno Monreal, 41013, Sevilla","+34645081839","hello@sevillapadelexperience.com","https://padelizados.es/es-es/i/320-sevilla-padel-experience/","N/A"
"ElRemate Pádel Club","","Av. de Montes Sierra, 38, 41007, Sevilla","+34619817451","elrematepadelclub@gmail.com","https://padelizados.es/es-es/i/874-elremate-padel-club/","N/A"
"IRON PADEL INDOOR SEVILLA","","C. Nivel, 10, 41008, Sevilla","+34610195358","mail@ejemplo.com","https://padelizados.es/es-es/i/198-iron-padel-indoor-sevilla/","N/A"
"IOpadel","","Av. la Prensa, 36, 41007, Sevilla","+34954676966","info@iopadel.es","https://padelizados.es/es-es/i/190-iopadel/","N/A"
"Galisport Happiness Club","","Cardenal Bueno Monreal, s/n, 41013, Sevilla","+34954296555","elporvenir@galisport.com","https://padelizados.es/es-es/i/1138-galisport-happiness-club/","N/A"
"SANTE SPORT & SOCIAL CLUB","","Av. del Deporte, 12, 41020, Sevilla","+34633232355","rrhh@clubsante.es","https://padelizados.es/es-es/i/894-sante-sport-social-club/","N/A"
"CASILLAS PADEL","","Camino Las Casillas, 1, 2, 41015, Sevilla","+34675666908","","https://padelizados.es/es-es/i/385-casillas-padel/","N/A"
"La Red 21 Padel Pro","","Cardenal Bueno Monreal, 38, 41013, Sevilla","+34635667324","hola@lared21.es","https://padelizados.es/es-es/i/580-la-red-21-padel-pro/","N/A"
"Centro Deportivo Fili Pino Montano","","C. Corral de los Olmos, 41015, Sevilla","+34955548108","comunicacion@filipinomontano.es","https://padelizados.es/es-es/i/995-centro-deportivo-fili-pino-montano/","N/A"
"Federación Andaluza de Pádel","","Av. Padre García Tejero, 6, Torre B, 41012, Sevilla","+34954270884","almeria@fap.es","https://padelizados.es/es-es/i/1043-federacion-andaluza-de-padel/","N/A"
"HispaPadel Reparación Palas Padel","","C. Juan Rodriguez García, 41940, Tomares","+34657336773","info.hispapadel@gmail.com","https://padelizados.es/es-es/i/1471-hispapadel-reparacion-palas-padel/","N/A"
"Padelcross Club De Padel","","Junto a Gasolinera Bp Cross y a, Parque Comercial Alavera, Ctra. Sevilla Coria, s/n, Parcela 6.1, 41120, San Juan de Aznalfarache","+34636449374","","https://padelizados.es/es-es/i/586-padelcross-club-de-padel/","N/A"
"Alavera Padel","","Parque Comercial Alavera, Dentro del, Autovia A-8058, Km 2, 41920, San Juan de Aznalfarache","+34634280284","alaverapadel2015@gmail.com","https://padelizados.es/es-es/i/282-alavera-padel/","N/A"
"Racket Club Sevilla","","C. Rotonda del Tirreno, Parcela Z, 37°21'40.4N 6°02'51.8W, 41940, Tomares","+34648285347","Administracion@racketclub.es","https://padelizados.es/es-es/i/722-racket-club-sevilla/","N/A"
"Simon Green Sport","","C/ Mirador, 41120, Gelves","+34954184344","administracion@simonverdesport.com","https://padelizados.es/es-es/i/787-simon-green-sport/","N/A"
"Club Zaudín Golf Sevilla","","9W5Q+3F, Glorieta del Zaudín y Puerta de las Marismas, 41940, Tomares","+34954154159","zeta@clubzaudingolf.com","https://padelizados.es/es-es/i/1116-club-zaudin-golf-sevilla/","N/A"
"Rio Grande Recreation Association","","Ctra. San Juan Palomares, 9, 41927, Mairena del Aljarafe","+34954181011","rosa.reinoso@riogrande.es","https://padelizados.es/es-es/i/216-rio-grande-recreation-association/","N/A"
"Club Deportivo Fit in","","C. Artesanía, 9, 41927, Mairena del Aljarafe","+34649976971","","https://padelizados.es/es-es/i/674-club-deportivo-fit-in/","N/A"
"Activonic VIVA ACTIVE Travel - Padel, Tennis, Pickleball","","Club Bernier, C. Brasil, 41120, Gelves","+34669550680","info@vivaactivetravel.com","https://padelizados.es/es-es/i/1415-activonic-viva-active-travel-padel-tennis-pickleball/","N/A"
"Tienda Padel Nuestro Sevilla Aljarafe","","Polígono Industrial de, C. Industria, 5, 41927, Mairena del Aljarafe","+34954912427","info.fr@padelnuestro.com","https://padelizados.es/es-es/i/323-tienda-padel-nuestro-sevilla-aljarafe/","N/A"
"SITING - Padel Club","","C. de la Red Diecisiete, 26, 41500, Alcalá de Guadaíra","+34675729761","","https://padelizados.es/es-es/i/350-siting-padel-club/","N/A"
"Solo Padel Sevilla","","La, C. de la Red Diecisiete, 53, 41500, Alcalá de Guadaíra","+34666467884","","https://padelizados.es/es-es/i/348-solo-padel-sevilla/","N/A"
"Infinity Indoor","","Adalid Domingo Ledesma, 9, 41703, Gelves","+34955547577","","https://padelizados.es/es-es/i/101-infinity-indoor/","N/A"
"Club Padel Los Cerros","","Ctra. Dos Hmnos Monteq, 2, 41089, Dos Hermanas","+34607387650","","https://padelizados.es/es-es/i/412-club-padel-los-cerros/","N/A"
"itálica club paddle","","C. Castilla Leon, 237, 41909, Salteras","+34954711107","","https://padelizados.es/es-es/i/280-italica-club-paddle/","N/A"
"BluePadel Indoor","","C. las Moreras, 32, 41928, Palomares del Río","+34650605296","","https://padelizados.es/es-es/i/1310-bluepadel-indoor/","N/A"
"Palomares Pádel Club","","C. Huévar, 45, 41928, Palomares del Río","+34613334157","","https://padelizados.es/es-es/i/1049-palomares-padel-club/","N/A"
"Club de Campo La Motilla","","C. Orión, 41703, Dos Hermanas","+34955675804","dpd@clubdecampolamotilla.es","https://padelizados.es/es-es/i/99-club-de-campo-la-motilla/","N/A"
"Sportres","","Cam. Salteras, s/n, 41807, Espartinas","+34633799430","","https://padelizados.es/es-es/i/906-sportres/","N/A"
"Club De Padel Sportres","","Calle Dr. Andres Gaviño, 3, 41807, Espartinas","+34609763194","","https://padelizados.es/es-es/i/1404-club-de-padel-sportres/","N/A"
"CLUB DEPORTIVO DEHESA DEL REY","","Camino del Chicharrache, s/n, 41100, Coria del Río","+34607418542","","https://padelizados.es/es-es/i/212-club-deportivo-dehesa-del-rey/","N/A"
"C.D. RICOSPORT","","C. Capataces, S/N, 41100, Coria del Río","+34675058993","","https://padelizados.es/es-es/i/1346-c-d--ricosport/","N/A"
"Invictus Padel Academy","","C. Lepanto, 5, 41110, Bollullos de la Mitación","+34633970690","","https://padelizados.es/es-es/i/686-invictus-padel-academy/","N/A"
"Pádel Pibo Sevilla","","Av. Bormujos, 13-15, 41110, Bollullos de la Mitación","+34633970690","","https://padelizados.es/es-es/i/1400-padel-pibo-sevilla/","N/A"
"Pistas de Padel Villanueva del Ariscal","","C. Bruselas, 1, 41808, Villanueva del Ariscal","+34645145217","","https://padelizados.es/es-es/i/1514-pistas-de-padel-villanueva-del-ariscal/","N/A"
"GOLF COSTA DAURADA TARRAGONA SPORTS CENTER","","Ctra. Catllar, Km 2,7, 43007, Tarragona","+34977653361","hola@golfcostadaurada.com","https://padelizados.es/es-es/i/612-golf-costa-daurada-tarragona-sports-center/","N/A"
"Tarragona Pàdel Indoor","","Pol. Ind. Francolí, 10, 43006, Tarragona","+34638967632","info@tarragonapadelindoor.es","https://padelizados.es/es-es/i/152-tarragona-padel-indoor/","N/A"
"MesK Padel Tarragona","","43006, Tarragona","+34654494368","dionis@meskpadeltarragona.com","https://padelizados.es/es-es/i/227-mesk-padel-tarragona/","N/A"
"Padel Indoor Baix Penedès","","Avinguda Bellvei, 43719, Tarragona","+34977592385","","https://padelizados.es/es-es/i/1082-padel-indoor-baix-penedes/","N/A"
"Club de Tennis El Romaní","","Passeig Dr. Letamendi, Urb. Romaní, 5, 43700, Tarragona","+34660229595","ctromani@ctromani.com","https://padelizados.es/es-es/i/1276-club-de-tennis-el-romani/","N/A"
"Centre Esportiu del Delta","","Avinguda Canal, 0, 43580, Tarragona","+34977489695","ajuntament@deltebre.cat","https://padelizados.es/es-es/i/1319-centre-esportiu-del-delta/","N/A"
"Pistes de pàdel - Castellvell del Camp","","Av. de la Camêlia, 43392, Tarragona","+34977855008","","https://padelizados.es/es-es/i/1510-pistes-de-padel-castellvell-del-camp/","N/A"
"Global padel vilaseca","","Carrer dels Matalassers, 8, h6, 43204, Reus","+34977271101","recepcio@globalpadelsports.com","https://padelizados.es/es-es/i/137-global-padel-vilaseca/","N/A"
"Pavelló Municipal d'Esports El Morell","","Av. dels Països Catalans, 6, 43760, El Morell","+34977842700","consergeriapavello@morell.alta","https://padelizados.es/es-es/i/1380-pavello-municipal-desports-el-morell/","N/A"
"Club Tennis i Pàdel El Catllar","","C/ del Requet, 43764, El Catllar","+34652867947","clubtenniselcatllar@gmail.com","https://padelizados.es/es-es/i/1008-club-tennis-i-padel-el-catllar/","N/A"
"TENNIS PÀDEL TAMARIT","","Urb. La Mora, Carrer Foixarda, S/N, 43008, Altafulla","+34699832050","infojungletrek@gmail.com","https://padelizados.es/es-es/i/577-tennis-padel-tamarit/","N/A"
"Mas Passamaner","","Camí de la Serra, 52, 43470, La Selva del Camp","+34977766333","hotel@maspassamaner.com","https://padelizados.es/es-es/i/606-mas-passamaner/","N/A"
"Pàdelx4 Reus","","Carrer de Faió, 7, 43204, Reus","+34695366170","padelx4reus@gmail.com","https://padelizados.es/es-es/i/1153-padelx4-reus/","N/A"
"Padel indoor Reus","","Carrer del Camí de Valls, 98, 43204, Reus","+34699088381","domenecsanroma@gmail.com","https://padelizados.es/es-es/i/1160-padel-indoor-reus/","N/A"
"Pádel Gaudí Reus Golf Club","","Ctra. de Cambrils, km 1.8, 43206, Reus","+34977752725","reservas@gaudigolfclub.com","https://padelizados.es/es-es/i/1497-padel-gaudi-reus-golf-club/","N/A"
"Tennis i Pàdel | Reus Deportiu","","El Camí dels Cinc Ponts, 1-3, 43206, Reus","+34977331824","secretaria@reusdeportiu.es","https://padelizados.es/es-es/i/575-tennis-i-padel-reus-deportiu/","N/A"
"Pàdel Manyanet Reus","","Carrer del Pare Manyanet, 27, 43205, Reus","+34640169844","info@padelmanyanet.com","https://padelizados.es/es-es/i/1599-padel-manyanet-reus/","N/A"
"EURO LLEVANT","","Carrer del Camí del Más de Clariana, 6, 43850, Cambrils","+34977383563","","https://padelizados.es/es-es/i/1483-euro-llevant/","N/A"
"Club Tennis Reus Monterols","","Ctra. de Reus a Cambrils, km 1, 43206, Reus","+34977751560","info@tennismonterols.cat.","https://padelizados.es/es-es/i/176-club-tennis-reus-monterols/","N/A"
"Apolo Club Esportiu","","Carrer del Migdia, 43830, Torredembarra","+34633104102","info@apoloclub.cat","https://padelizados.es/es-es/i/230-apolo-club-esportiu/","N/A"
"TennisTDB","","Carrer del Crisantem, 43830, Torredembarra","+34692048066","info@tennistdb.cat","https://padelizados.es/es-es/i/1280-tennistdb/","N/A"
"Pàdel Reus","","Carrer d'Ignasi Iglésias, 30 - 32, 43206, Reus","+34977086636","","https://padelizados.es/es-es/i/560-padel-reus/","N/A"
"Club Padel Cambrils","","Av. Bèlgica, 1, 43850, Cambrils","+34977364320","info@misitio.com","https://padelizados.es/es-es/i/95-club-padel-cambrils/","N/A"
"Club de Tenis Valls","","Carretera de Valls a Tarragona, km 16, 43144, Vallmoll","+34649085620","info.tennisvalls@gmail.com","https://padelizados.es/es-es/i/851-club-de-tenis-valls/","N/A"
"Pàdel Puigpelat","","Carrer de Vilabella, S/N, 43812, Puigpelat","+34696816064","","https://padelizados.es/es-es/i/1303-padel-puigpelat/","N/A"
"Mar Cambrils Club & Big Jump Park","","Carrer Valls, 2, 43850, Cambrils","+34659849505","contact@mysite.com","https://padelizados.es/es-es/i/1243-mar-cambrils-club-big-jump-park/","N/A"
"Restaurant El Quincho Mar Cambrils","","Carrer Valls, 2, 43850, Cambrils","+34666377672","","https://padelizados.es/es-es/i/910-restaurant-el-quincho-mar-cambrils/","N/A"
"Club Tennis Plana d'en Berga de Valls","","Carrer Reina Elionor, 25, 43800, Valls","+34977608042","info@planadenberga.com","https://padelizados.es/es-es/i/538-club-tennis-plana-den-berga-de-valls/","N/A"
"Bará Tennis Club","","Av. de la Reina Fabiola, 49, 43883, El Vendrell","+34977801836","","https://padelizados.es/es-es/i/304-bara-tennis-club/","N/A"
"Pistes de pàdel","","43814, Vila-rodona","","","https://padelizados.es/es-es/i/1486-pistes-de-padel/","N/A"
"Club Padel Y Tenis Comarruga","","Av. Masia Blanca, 19, 43880, Coma-ruga","+34682040810","info@ctpcomarruga.com","https://padelizados.es/es-es/i/267-club-padel-y-tenis-comarruga/","N/A"
"AG Padel Team","","Carrer de Colom, 20I, 43700, El Vendrell","+34656713527","","https://padelizados.es/es-es/i/1366-ag-padel-team/","N/A"
"Padel Teruel","","Cam. el Polvorín, 1, 44003, Teruel","+34978624350","info@padelteruel.com","https://padelizados.es/es-es/i/535-padel-teruel/","N/A"
"Teruel Sport Center","","C. Milán, s/n, 44195, Teruel","+34978608635","","https://padelizados.es/es-es/i/705-teruel-sport-center/","N/A"
"Piscinas y Polideportivo Municipal de Santa Eulalia del Campo","","C. Juan Carlos I, 11, 44360, Santa Eulalia","","contacto@santaeulaliadelcampo.com","https://padelizados.es/es-es/i/1460-piscinas-y-polideportivo-municipal-de-santa-eulalia-del-campo/","N/A"
"Imperial Padel","","C. Río Torviscal, 10, 45007, Toledo","+34925671268","","https://padelizados.es/es-es/i/347-imperial-padel/","N/A"
"Escuela Padel Carlos Revenga","","C. Río Jarama, 70, 45007, Toledo","","","https://padelizados.es/es-es/i/1021-escuela-padel-carlos-revenga/","N/A"
"CLUB DE PADEL Y TENIS LA NAVA","","URBANIZACION CALIPO-FADO KM.36 A-5, Toledo","","","https://padelizados.es/es-es/i/1522-club-de-padel-y-tenis-la-nava/","N/A"
"Zona de Pádel","","C/ de Salvador Cerveró, 24, 46025, Valencia","+34962071946","tienda@zonadepadel.es","https://padelizados.es/es-es/i/53-zona-de-padel/","N/A"
"SUMA Fitness Club ALFAFAR | Gimnàs i Pàdel a València","","C. Manuel Baixauli Andrés, S/N, 46910, Valencia","+34961843560","holaalfafar@sumafitnessclub.com","https://padelizados.es/es-es/i/593-suma-fitness-club-alfafar-gimnas-i-padel-a-valencia/","N/A"
"Devesa Gardens Camping & Resort","","Carretera de El Saler, Km. 13, 46012, Valencia","+34961611136","info@devesagardens.com","https://padelizados.es/es-es/i/567-devesa-gardens-camping-resort/","N/A"
"Club de Tenis de Bellreguard","","Carretera Playa, km 2,5, 46713, Bellreguard, Valencia, Valencia","+34962818550","info@clubdetenisbellreguard.com","https://padelizados.es/es-es/i/934-club-de-tenis-de-bellreguard/","N/A"
"Tu Pádel Valencia","","Carrer dels Fogainers, 5, 46014, Valencia","+34622559943","info@tupadelvalencia.com","https://padelizados.es/es-es/i/213-tu-padel-valencia/","N/A"
"Polideportivo de Malilla","","Carrer de Bernat Descoll, 21, 46026, Valencia","+34960018776","info@artossportsclub.com","https://padelizados.es/es-es/i/654-polideportivo-de-malilla/","N/A"
"Pádel Sedavi","","Av. Azagador de la Torre, 13, 46026, Valencia","+34645887353","info@padelsedavi.com","https://padelizados.es/es-es/i/299-padel-sedavi/","N/A"
"7 Pàdel","","Polígon Industrial de, Carrer dels Llanterners, 6, 46014, Valencia","+34615071010","info@padel.com","https://padelizados.es/es-es/i/75-7-padel/","N/A"
"Club Valenciano de Natación","","Camino Viejo de Carpesa a Moncada, sn, 46025, Valencia","+34961850360","escuelas.vacacionales@ucv.es","https://padelizados.es/es-es/i/141-club-valenciano-de-natacion/","N/A"
"Orven Sport Palas de pádel","","Passeig Penyal d'Ifach, 46980, Valencia","+34664136864","contacto@gmail.com","https://padelizados.es/es-es/i/511-orven-sport-palas-de-padel/","N/A"
"Enjoy Samaranch","","Av. de França, 62, 46023, Valencia","+34963289140","","https://padelizados.es/es-es/i/681-enjoy-samaranch/","N/A"
"Ligas Pádel Valencia","","Carrer del Baró de Patraix, 17, 12 12, 46018, Valencia","+34965028221","ligaspadelvalencia@gmail.com","https://padelizados.es/es-es/i/1067-ligas-padel-valencia/","N/A"
"Club de Pádel Carpesa DLX","","Cam. Carpesa Moncada, 2, 46025, Valencia","+34961850360","","https://padelizados.es/es-es/i/1106-club-de-padel-carpesa-dlx/","N/A"
"Pistes de pàdel UPV","","Unnamed Road, 46022, 46022, Valencia","","","https://padelizados.es/es-es/i/1592-pistes-de-padel-upv/","N/A"
"Club Raqueta Valladolid","","C. Padre José Acosta, 2, 47015, Valladolid","+34983632005","","https://padelizados.es/es-es/i/185-club-raqueta-valladolid/","N/A"
"Pádel Arena Valladolid","","N-601, 184, Valladolid","+34983272378","","https://padelizados.es/es-es/i/215-padel-arena-valladolid/","N/A"
"Club Lasa Sport","","Carr. de Rueda, 187, 47008, Valladolid","+34983247110","","https://padelizados.es/es-es/i/147-club-lasa-sport/","N/A"
"The Players","","C. Vázquez de Menchaca, 23, 47008, Valladolid","+34660209600","","https://padelizados.es/es-es/i/319-the-players/","N/A"
"-","","Cam. Bajo Laguna, 25, 47193, Valladolid","+34606756619","","https://padelizados.es/es-es/i/1225--/","N/A"
"Zaratán Padel Indoor","","Av. de Gijón, km 195, 47610, Valladolid","+34693068405","info@zaratanpadelindoor.com","https://padelizados.es/es-es/i/543-zaratan-padel-indoor/","N/A"
"CDO Covaresa | Tu club de deporte y ocio en Valladolid","","C. Felipe Sánchez Román, s/n, 47008, Valladolid","+34983114131","","https://padelizados.es/es-es/i/703-cdo-covaresa-tu-club-de-deporte-y-ocio-en-valladolid/","N/A"
"Pádel Las Norias","","Parque de las Norias de Sta. Victoria, 47008, Valladolid","+34648236803","lasnorias@padelcyl.es","https://padelizados.es/es-es/i/1216-padel-las-norias/","N/A"
"PadelMagic","","C. Plomo, 5, nave 6, 47012, Valladolid","+34615520003","info@padelmagic.es","https://padelizados.es/es-es/i/1549-padelmagic/","N/A"
"Pistas municipales de pádel","","C. Río Ebro, 47162, Valladolid","+34983558367","","https://padelizados.es/es-es/i/1587-pistas-municipales-de-padel/","N/A"
"Padeld10z","","C. Industrias, 7, 47195, Arroyo de la Encomienda","+34983070970","webmaster@padeld10z.com","https://padelizados.es/es-es/i/235-padeld10z/","N/A"
"Safra","","C. Industrias, 26, 47195, Arroyo de la Encomienda","+34619405445","","https://padelizados.es/es-es/i/957-safra/","N/A"
"Pistas Municipales de Pádel de Renedo de Esgueva","","47170, Renedo de Esgueva","","","https://padelizados.es/es-es/i/1557-pistas-municipales-de-padel-de-renedo-de-esgueva/","N/A"
"Gustavo Pratto Academy","","Gta. la Flecha, 47195, Arroyo de la Encomienda","+34682536398","academy@gustavopratto.com","https://padelizados.es/es-es/i/1496-gustavo-pratto-academy/","N/A"
"Social Torrelago Wellness Club, Laguna de Duero","","Av. de Las Salinas, 1, 47140, Laguna de Duero","+34663987758","","https://padelizados.es/es-es/i/1354-social-torrelago-wellness-club-laguna-de-duero/","N/A"
"La Lonja del Pádel","","C. Cerezo, 19C, 47193, Cistérniga","+34695911941","","https://padelizados.es/es-es/i/949-la-lonja-del-padel/","N/A"
"Xperience Sport Club","","Av. de Aranzana, 49, 47195, Arroyo de la Encomienda","+34983488406","arroyoxperience@gmail.com","https://padelizados.es/es-es/i/1141-xperience-sport-club/","N/A"
"Pádel Live Indoor","","C. Brezo, 25, 47162, Aldeamayor de San Martín","+34683619375","","https://padelizados.es/es-es/i/638-padel-live-indoor/","N/A"
"Padel Top","","C. Mateo Alemán, 58, 47130, Arroyo de la Encomienda","+34605769939","","https://padelizados.es/es-es/i/515-padel-top/","N/A"
"Pádel Pista Norte - Iparraldeko Padel Jolaslekua","","Alto de Armentia Kalea, 24, 01007, Vitoria / Gasteiz","+34945357131","info@padelpistanorte.com","https://padelizados.es/es-es/i/276-padel-pista-norte-iparraldeko-padel-jolaslekua/","N/A"
"Bakh","","La Biosfera Ibilbidea, 2, 01013, Vitoria / Gasteiz","+34945202831","info@bakh.es","https://padelizados.es/es-es/i/1145-bakh/","N/A"
"Padel Jundiz","","Paduleta Kalea, 26, 01015, Vitoria / Gasteiz","+34945354161","","https://padelizados.es/es-es/i/431-padel-jundiz/","N/A"
"Arrate Club","","Langraiz Etorbidea, 1, 01230, Vitoria / Gasteiz","+34945359930","","https://padelizados.es/es-es/i/1180-arrate-club/","N/A"
"Gorbeia Pádel&Spa","","Carretera Miñano, S/N, 01196, Etxabarri Ibiña","+34680971385","","https://padelizados.es/es-es/i/708-gorbeia-padelspa/","N/A"
"MPC Miranda Pádel Club","","Pol. Ind. Bayas, 17, 09218, Miranda de Ebro","+34682301951","info@asesoriaguiza.com","https://padelizados.es/es-es/i/754-mpc-miranda-padel-club/","N/A"
"CMA Albatros Pádel Zamora","","C. Andres Fernández de Andrada, 37, 49023, Zamora","+34659656185","","https://padelizados.es/es-es/i/590-cma-albatros-padel-zamora/","N/A"
"ACTIVA PADEL LOS LLANOS","","Av. de Salamanca, 89, 49027, Zamora","+34618202496","","https://padelizados.es/es-es/i/682-activa-padel-los-llanos/","N/A"
"Club Pádel Zaragoza","","C. de San Juan Bautista de la Salle, 1, 50012, Zaragoza","+34876776622","oficina@arapadel.com","https://padelizados.es/es-es/i/98-club-padel-zaragoza/","N/A"
"Padel Indoor Square","","Av. de la Diag., 3, Nave c, 50197, Zaragoza","+34876768478","info@padelplaza.es","https://padelizados.es/es-es/i/96-padel-indoor-square/","N/A"
"Regal Club Padel Zaragoza","","CC Alcampo Los Enlaces, N-II, KM 315, 2, Local 31, 50012, Zaragoza","+34976300003","rrhh@regalpadelclub.com","https://padelizados.es/es-es/i/113-regal-club-padel-zaragoza/","N/A"
"Urban Sport","","SPORT HUB, C. de Augusto Bebel, 16, 50015, Zaragoza","+34638289240","info@usport.es","https://padelizados.es/es-es/i/785-urban-sport/","N/A"
"Helios Swimming Center","","Av. de José Atarés, 1, 50018, Zaragoza","+34976520255","socios@cnhelios.com","https://padelizados.es/es-es/i/65-helios-swimming-center/","N/A"
"Club deportivo MONTECANAL","","C. de la Mesta, s/n, 50012, Zaragoza","+34976755800","cdmontecanal@cdmontecanal.com","https://padelizados.es/es-es/i/298-club-deportivo-montecanal/","N/A"
"Padel Indoor Aragón","","Cam. la Raya, s/n, 50002, Zaragoza","+34685653762","info@padelindooraragon.com","https://padelizados.es/es-es/i/238-padel-indoor-aragon/","N/A"
"Metropolitan Paraiso","","Residencial Paraíso, 10, 50008, Zaragoza","+34976221998","","https://padelizados.es/es-es/i/1046-metropolitan-paraiso/","N/A"
"Piscinas Balsas Ebro Viejo","","C. del Teniente Ortiz de Zárate, 10, 50015, Zaragoza","+34976511730","crevpiscinas@gmail.com","https://padelizados.es/es-es/i/1175-piscinas-balsas-ebro-viejo/","N/A"
"Open padel","","C. Espliego, 40, 50820, Zaragoza","+34660882016","","https://padelizados.es/es-es/i/440-open-padel/","N/A"
"Parque Deportivo Ebro","","Parque Deportivo Ebro, Cam. de Monzalbarba, 318, 50011, Zaragoza","+34639454506","","https://padelizados.es/es-es/i/757-parque-deportivo-ebro/","N/A"
"White Gym","","Cam. Almotilla, 1, 50012, Zaragoza","+34976557371","info@whitegym.es","https://padelizados.es/es-es/i/1263-white-gym/","N/A"
"Entrenador Personal y Dietista - Roberto Simón","","Rda. del Ibón de Plan, 24, 50011, Zaragoza","+34686326597","soko00gs@gmail.com","https://padelizados.es/es-es/i/1424-entrenador-personal-y-dietista-roberto-simon/","N/A"
"AllPadel","","50002, Zaragoza","+34628291653","","https://padelizados.es/es-es/i/1374-allpadel/","N/A"
"Zaragoza Pádel Club","","C. Genoveva Torres Morales, 50006, Zaragoza","+34976795533","info@zaragozapadelclub.es","https://padelizados.es/es-es/i/986-zaragoza-padel-club/","N/A"